txn_id,amount,upi_gps_lat,upi_gps_long,telecom_cell_lat,telecom_cell_long,timestamp,target_atm_id,GEO_DISTANCE_KM,IMPLIED_SPEED_KMH,FRAUD_ALERT,THREAT_LEVEL
TXN100481,30051.69,18.499748,73.864525,19.483979,70.525626,2026-08-03 20:42:10,ATM-PN-0001,367.71,11031.36,True,CRITICAL
TXN100152,13234.61,18.499181,73.862732,18.497058,73.863323,2026-08-03 20:53:46,ATM-PN-0012,0.24,7.32,False,NORMAL
TXN100932,16936.3,18.533757,73.848759,18.529206,73.835758,2026-08-03 21:34:15,ATM-PN-0041,1.46,43.83,False,NORMAL
TXN100453,40107.99,18.520589,73.866892,18.51969,73.863898,2026-08-03 22:12:01,ATM-PN-0027,0.33,9.93,False,NORMAL
TXN100262,21751.57,18.539458,73.846148,18.533267,73.857188,2026-08-03 22:44:28,ATM-PN-0034,1.35,40.57,False,NORMAL
TXN100988,9391.83,18.504138,73.865091,18.505419,73.86487,2026-08-03 23:13:07,ATM-PN-0004,0.14,4.33,False,NORMAL
TXN100844,44704.05,18.529335,73.888065,18.530169,73.889163,2026-08-03 23:20:50,ATM-PN-0017,0.15,4.45,False,NORMAL
TXN100137,2062.74,18.520251,73.848229,17.943925,72.541119,2026-08-04 00:00:39,ATM-PN-0045,152.2,4565.88,True,CRITICAL
TXN100364,13449.84,18.544621,73.882702,18.549949,73.884372,2026-08-04 00:21:39,ATM-PN-0021,0.62,18.54,False,NORMAL
TXN100521,38804.34,18.518032,73.855956,18.516882,73.855942,2026-08-04 02:41:24,ATM-PN-0009,0.13,3.84,False,NORMAL
TXN100586,11577.83,18.506708,73.854076,18.50743,73.860664,2026-08-04 03:05:57,ATM-PN-0040,0.7,20.98,False,NORMAL
TXN100027,42740.11,18.522265,73.856442,18.526347,73.856425,2026-08-04 03:48:05,ATM-PN-0007,0.45,13.62,False,NORMAL
TXN100198,14029.69,18.514643,73.852545,18.524916,73.854585,2026-08-04 04:36:28,ATM-PN-0029,1.16,34.87,False,NORMAL
TXN100339,45029.76,18.513585,73.840806,18.525239,73.836548,2026-08-04 05:20:40,ATM-PN-0042,1.37,41.14,False,NORMAL
TXN100318,29602.74,18.501066,73.843445,18.504409,73.848183,2026-08-04 07:04:59,ATM-PN-0049,0.62,18.68,False,NORMAL
TXN100373,18079.38,18.511084,73.874637,18.519987,73.874767,2026-08-04 07:29:45,ATM-PN-0041,0.99,29.7,False,NORMAL
TXN100726,5318.83,18.513824,73.877284,18.50729,73.887955,2026-08-04 08:03:24,ATM-PN-0023,1.34,40.18,False,NORMAL
TXN100127,25519.5,18.505375,73.859809,18.50567,73.859698,2026-08-04 09:36:22,ATM-PN-0016,0.03,1.04,False,NORMAL
TXN100792,30293.43,18.520352,73.855398,18.531822,73.852758,2026-08-04 10:31:12,ATM-PN-0032,1.31,39.16,False,NORMAL
TXN100683,42547.84,18.515953,73.8484,18.518241,73.849799,2026-08-04 10:58:14,ATM-PN-0044,0.29,8.82,False,NORMAL
TXN100957,11022.38,18.519365,73.860595,18.518006,73.859952,2026-08-04 12:09:42,ATM-PN-0013,0.17,4.97,False,NORMAL
TXN100781,8565.56,18.530882,73.860067,18.531605,73.85905,2026-08-04 12:42:50,ATM-PN-0050,0.13,4.02,False,NORMAL
TXN100250,6596.28,18.502677,73.843342,20.878754,76.872594,2026-08-04 13:25:26,ATM-PN-0047,412.75,12382.48,True,CRITICAL
TXN100738,10576.12,18.513006,73.879025,18.523318,73.883684,2026-08-04 16:19:11,ATM-PN-0027,1.25,37.42,False,NORMAL
TXN100632,38142.43,18.506153,73.831256,18.508645,73.827183,2026-08-04 18:48:47,ATM-PN-0019,0.51,15.33,False,NORMAL
TXN100156,25374.76,18.514595,73.839659,18.51116,73.842107,2026-08-04 18:55:19,ATM-PN-0046,0.46,13.83,False,NORMAL
TXN100582,30856.51,18.524505,73.870298,18.527487,73.871808,2026-08-04 18:59:10,ATM-PN-0022,0.37,11.03,False,NORMAL
TXN100642,27893.68,18.512884,73.872113,18.511026,73.86653,2026-08-04 19:58:27,ATM-PN-0029,0.62,18.72,False,NORMAL
TXN100896,9388.5,18.510359,73.855499,18.507193,73.858543,2026-08-04 20:24:00,ATM-PN-0015,0.48,14.29,False,NORMAL
TXN100192,4592.96,18.516332,73.857745,18.513819,73.849065,2026-08-04 20:44:12,ATM-PN-0028,0.96,28.71,False,NORMAL
TXN100419,12324.6,18.539645,73.877478,18.544552,73.877823,2026-08-04 23:48:03,ATM-PN-0040,0.55,16.41,False,NORMAL
TXN100506,5510.64,18.525626,73.845423,18.52273,73.845048,2026-08-05 00:41:15,ATM-PN-0015,0.32,9.73,False,NORMAL
TXN100401,4069.96,18.52261,73.843207,18.525005,73.837542,2026-08-05 01:06:29,ATM-PN-0044,0.65,19.62,False,NORMAL
TXN100001,21544.38,18.531878,73.842391,18.540048,73.838576,2026-08-05 01:22:10,ATM-PN-0035,0.99,29.81,False,NORMAL
TXN100661,29391.18,18.550435,73.864951,18.544826,73.86215,2026-08-05 02:08:51,ATM-PN-0030,0.69,20.7,False,NORMAL
TXN100891,37689.75,18.523139,73.855792,18.522263,73.855742,2026-08-05 02:21:53,ATM-PN-0042,0.1,2.93,False,NORMAL
TXN100018,25363.41,18.522355,73.846337,18.528868,73.847964,2026-08-05 03:08:47,ATM-PN-0038,0.74,22.33,False,NORMAL
TXN100608,15083.59,18.528061,73.854251,18.532783,73.85355,2026-08-05 03:38:53,ATM-PN-0011,0.53,15.91,False,NORMAL
TXN100612,12191.7,18.514637,73.835392,18.515119,73.832945,2026-08-05 03:48:22,ATM-PN-0012,0.26,7.91,False,NORMAL
TXN100431,13593.77,18.50538,73.835866,18.504058,73.833681,2026-08-05 04:23:13,ATM-PN-0047,0.27,8.2,False,NORMAL
TXN100713,49936.8,18.517533,73.860196,18.521477,73.868935,2026-08-05 05:40:04,ATM-PN-0032,1.02,30.61,False,NORMAL
TXN100951,42155.04,18.513446,73.865225,18.521213,73.862665,2026-08-05 05:51:55,ATM-PN-0001,0.9,27.15,False,NORMAL
TXN100600,6714.68,18.52589,73.845215,18.528607,73.842266,2026-08-05 06:02:46,ATM-PN-0001,0.43,13.01,False,NORMAL
TXN100012,35971.86,18.546379,73.844938,18.535134,73.845059,2026-08-05 06:56:46,ATM-PN-0033,1.25,37.51,False,NORMAL
TXN100639,40964.78,18.530242,73.832825,18.540631,73.837482,2026-08-05 08:22:57,ATM-PN-0008,1.26,37.66,False,NORMAL
TXN100203,49640.14,18.544353,73.854741,18.535235,73.850965,2026-08-05 08:49:43,ATM-PN-0016,1.09,32.68,False,NORMAL
TXN100011,20695.54,18.518066,73.848747,18.522249,73.849127,2026-08-05 09:15:34,ATM-PN-0015,0.47,14.01,False,NORMAL
TXN100084,41651.58,18.524564,73.86296,18.52723,73.867533,2026-08-05 09:37:46,ATM-PN-0050,0.57,16.98,False,NORMAL
TXN100850,42054.64,18.528102,73.855259,18.52278,73.851295,2026-08-05 10:15:29,ATM-PN-0025,0.72,21.73,False,NORMAL
TXN100378,36659.49,18.501889,73.856964,17.216456,73.127728,2026-08-05 14:12:20,ATM-PN-0009,162.44,4873.18,True,CRITICAL
TXN100923,9308.04,18.536258,73.875569,18.532819,73.876987,2026-08-05 14:59:06,ATM-PN-0046,0.41,12.32,False,NORMAL
TXN100437,43899.93,18.522632,73.863282,18.520223,73.875259,2026-08-05 16:48:10,ATM-PN-0027,1.29,38.73,False,NORMAL
TXN100410,37676.57,18.519621,73.873323,18.526844,73.876032,2026-08-05 17:20:50,ATM-PN-0036,0.85,25.57,False,NORMAL
TXN100300,4891.94,18.52242,73.852443,19.597186,72.857191,2026-08-05 18:31:56,ATM-PN-0046,158.82,4764.53,True,CRITICAL
TXN100886,46837.65,18.540378,73.864552,18.548535,73.871759,2026-08-05 18:40:16,ATM-PN-0020,1.18,35.5,False,NORMAL
TXN100388,15976.37,18.510073,73.855371,18.522852,73.853308,2026-08-05 18:42:39,ATM-PN-0036,1.44,43.13,False,NORMAL
TXN100899,42822.46,18.525509,73.843083,18.530796,73.849642,2026-08-05 19:06:11,ATM-PN-0046,0.91,27.23,False,NORMAL
TXN100638,9026.33,18.510947,73.862527,18.517411,73.869835,2026-08-05 19:08:02,ATM-PN-0004,1.05,31.61,False,NORMAL
TXN100675,47832.59,18.517617,73.8591,18.517187,73.861164,2026-08-05 20:04:44,ATM-PN-0040,0.22,6.68,False,NORMAL
TXN100385,14687.47,18.522687,73.863325,18.528069,73.872386,2026-08-05 20:57:50,ATM-PN-0017,1.13,33.82,False,NORMAL
TXN100043,3896.2,18.53668,73.866447,18.535117,73.865739,2026-08-05 22:51:12,ATM-PN-0049,0.19,5.67,False,NORMAL
TXN100363,43197.5,18.505539,73.848245,18.497484,73.841095,2026-08-05 23:35:41,ATM-PN-0047,1.17,35.12,False,NORMAL
TXN100451,34862.5,18.534895,73.824804,18.525101,73.819549,2026-08-05 23:56:38,ATM-PN-0025,1.22,36.66,False,NORMAL
TXN100785,46568.05,18.513987,73.848201,18.512005,73.839212,2026-08-06 01:15:34,ATM-PN-0034,0.97,29.19,False,NORMAL
TXN100055,15966.22,18.545704,73.845671,18.545541,73.846384,2026-08-06 01:37:09,ATM-PN-0007,0.08,2.32,False,NORMAL
TXN100507,37585.12,18.525772,73.87577,18.529423,73.883808,2026-08-06 02:04:22,ATM-PN-0027,0.94,28.19,False,NORMAL
TXN100113,25683.41,18.540482,73.833293,19.329882,70.877257,2026-08-06 03:07:28,ATM-PN-0008,323.06,9691.69,True,CRITICAL
TXN100280,6511.94,18.502819,73.851242,18.503194,73.849844,2026-08-06 06:39:00,ATM-PN-0004,0.15,4.6,False,NORMAL
TXN100528,29358.74,18.517598,73.862865,18.526977,73.864013,2026-08-06 06:44:19,ATM-PN-0043,1.05,31.5,False,NORMAL
TXN100618,40214.66,18.522563,73.843595,18.298345,75.68507,2026-08-06 06:48:57,ATM-PN-0017,195.88,5876.25,True,CRITICAL
TXN100248,32258.02,18.516525,73.860786,20.959304,71.26832,2026-08-06 07:10:10,ATM-PN-0044,383.91,11517.22,True,CRITICAL
TXN100359,978.78,18.518941,73.850194,18.527818,73.842479,2026-08-06 07:24:54,ATM-PN-0009,1.28,38.37,False,NORMAL
TXN100800,6288.57,18.519386,73.861673,18.526106,73.855745,2026-08-06 08:05:17,ATM-PN-0040,0.97,29.23,False,NORMAL
TXN100942,47575.15,18.515755,73.861478,18.504183,73.862929,2026-08-06 08:21:43,ATM-PN-0024,1.3,38.87,False,NORMAL
TXN100634,1755.55,18.494472,73.861558,18.496969,73.862158,2026-08-06 08:54:50,ATM-PN-0038,0.28,8.54,False,NORMAL
TXN100809,42990.18,18.548125,73.850265,18.539971,73.843182,2026-08-06 10:41:20,ATM-PN-0007,1.17,35.24,False,NORMAL
TXN100227,31160.79,18.531704,73.88174,19.346181,72.564746,2026-08-06 11:20:38,ATM-PN-0023,165.49,4964.81,True,CRITICAL
TXN100936,43927.93,18.513696,73.846126,18.501164,73.851004,2026-08-06 11:22:56,ATM-PN-0009,1.49,44.56,False,NORMAL
TXN100786,7856.02,18.50117,73.854988,18.489032,73.856801,2026-08-06 11:45:26,ATM-PN-0009,1.36,40.89,False,NORMAL
TXN100082,38424.73,18.502246,73.855843,18.495241,73.867207,2026-08-06 13:24:08,ATM-PN-0013,1.43,42.88,False,NORMAL
TXN100286,27411.01,18.513045,73.856166,18.516409,73.856034,2026-08-06 14:29:58,ATM-PN-0002,0.37,11.23,False,NORMAL
TXN100279,2038.56,18.51422,73.857894,18.51773,73.857676,2026-08-06 14:49:56,ATM-PN-0026,0.39,11.73,False,NORMAL
TXN100161,22551.39,18.497566,73.85908,18.502883,73.854946,2026-08-06 15:43:03,ATM-PN-0004,0.73,22.04,False,NORMAL
TXN100274,33290.97,18.500191,73.859865,18.507585,73.863082,2026-08-06 16:22:04,ATM-PN-0009,0.89,26.68,False,NORMAL
TXN100259,4767.53,18.536451,73.857948,18.547141,73.862241,2026-08-06 16:32:42,ATM-PN-0028,1.27,38.16,False,NORMAL
TXN100200,8136.71,18.520503,73.865811,18.521589,73.860518,2026-08-06 16:49:22,ATM-PN-0025,0.57,17.13,False,NORMAL
TXN100868,31501.71,18.513633,73.850512,18.504507,73.844188,2026-08-06 17:42:48,ATM-PN-0022,1.21,36.43,False,NORMAL
TXN100831,6378.92,18.502524,73.862429,18.509182,73.858666,2026-08-06 18:24:12,ATM-PN-0027,0.84,25.2,False,NORMAL
TXN100229,14958.45,18.530235,73.848998,18.530264,73.848559,2026-08-06 18:50:55,ATM-PN-0018,0.05,1.39,False,NORMAL
TXN100277,6435.72,18.511978,73.862948,18.511586,73.867323,2026-08-06 19:15:02,ATM-PN-0011,0.46,13.9,False,NORMAL
TXN100577,26049.26,18.512016,73.876752,18.513336,73.876596,2026-08-06 20:46:29,ATM-PN-0009,0.15,4.43,False,NORMAL
TXN100119,25377.37,18.519428,73.855045,18.515426,73.854144,2026-08-06 22:14:42,ATM-PN-0011,0.46,13.65,False,NORMAL
TXN100190,47985.24,18.514259,73.853905,18.523704,73.859302,2026-08-06 22:49:32,ATM-PN-0030,1.19,35.83,False,NORMAL
TXN100570,43328.61,18.507828,73.859133,18.505792,73.859675,2026-08-06 23:03:43,ATM-PN-0022,0.23,7.0,False,NORMAL
TXN100804,30484.58,18.513636,73.867884,18.51418,73.869631,2026-08-07 00:21:38,ATM-PN-0007,0.19,5.82,False,NORMAL
TXN100088,27949.77,18.527388,73.835928,18.533481,73.829431,2026-08-07 01:20:43,ATM-PN-0007,0.96,28.9,False,NORMAL
TXN100202,30047.77,18.513169,73.855337,18.512027,73.854911,2026-08-07 02:45:25,ATM-PN-0021,0.13,4.04,False,NORMAL
TXN100292,15798.13,18.50804,73.850361,18.496141,73.850974,2026-08-07 03:24:36,ATM-PN-0032,1.32,39.74,False,NORMAL
TXN100290,42041.5,18.523037,73.854951,18.516443,73.863939,2026-08-07 04:03:47,ATM-PN-0012,1.2,35.95,False,NORMAL
TXN100637,36905.26,18.537544,73.8321,18.540376,73.833552,2026-08-07 04:10:34,ATM-PN-0032,0.35,10.5,False,NORMAL
TXN100329,10733.18,18.522777,73.862799,18.523242,73.865915,2026-08-07 04:22:39,ATM-PN-0042,0.33,9.98,False,NORMAL
TXN100680,28899.52,18.516869,73.851987,18.529532,73.850359,2026-08-07 04:34:13,ATM-PN-0010,1.42,42.55,False,NORMAL
TXN100167,27450.04,18.52379,73.877146,18.521926,73.873376,2026-08-07 04:52:06,ATM-PN-0035,0.45,13.45,False,NORMAL
TXN100424,48647.37,18.517293,73.86079,18.517282,73.861899,2026-08-07 05:06:39,ATM-PN-0015,0.12,3.51,False,NORMAL
TXN100054,6550.45,18.523666,73.834475,18.520025,73.841498,2026-08-07 05:16:03,ATM-PN-0023,0.84,25.32,False,NORMAL
TXN100982,42910.55,18.541221,73.844891,19.162071,69.878139,2026-08-07 05:33:52,ATM-PN-0047,423.08,12692.45,True,CRITICAL
TXN100459,29044.93,18.504621,73.85342,18.505281,73.857353,2026-08-07 05:45:19,ATM-PN-0004,0.42,12.63,False,NORMAL
TXN100205,25042.22,18.513573,73.869881,18.511253,73.856649,2026-08-07 06:47:05,ATM-PN-0040,1.42,42.57,False,NORMAL
TXN100199,4741.86,18.504507,73.871418,18.499618,73.863219,2026-08-07 06:56:34,ATM-PN-0040,1.02,30.64,False,NORMAL
TXN100855,34976.25,18.501112,73.840101,18.49891,73.839252,2026-08-07 07:09:37,ATM-PN-0032,0.26,7.82,False,NORMAL
TXN100070,32947.7,18.522727,73.88116,18.702344,70.933894,2026-08-07 07:25:11,ATM-PN-0012,311.22,9336.57,True,CRITICAL
TXN100867,10245.4,18.541435,73.853302,21.941086,71.792912,2026-08-07 07:25:42,ATM-PN-0022,434.84,13045.32,True,CRITICAL
TXN100317,23178.78,18.540155,73.869567,18.539433,73.874152,2026-08-07 08:44:55,ATM-PN-0001,0.49,14.7,False,NORMAL
TXN100511,48011.31,18.5098,73.862468,18.505151,73.86398,2026-08-07 09:04:51,ATM-PN-0001,0.54,16.23,False,NORMAL
TXN100322,5361.76,18.520107,73.859001,18.517903,73.852392,2026-08-07 09:35:05,ATM-PN-0015,0.74,22.16,False,NORMAL
TXN100807,38619.7,18.51911,73.854063,18.520398,73.84296,2026-08-07 10:32:31,ATM-PN-0036,1.18,35.38,False,NORMAL
TXN100842,48999.41,18.524072,73.865441,18.528413,73.868388,2026-08-07 11:41:12,ATM-PN-0035,0.57,17.22,False,NORMAL
TXN100375,11171.68,18.504273,73.870406,18.50525,73.869028,2026-08-07 11:53:43,ATM-PN-0013,0.18,5.44,False,NORMAL
TXN100244,4579.82,18.518393,73.874705,18.517586,73.875728,2026-08-07 12:03:35,ATM-PN-0043,0.14,4.21,False,NORMAL
TXN100667,13734.21,18.535505,73.850505,18.533673,73.853072,2026-08-07 12:46:20,ATM-PN-0044,0.34,10.16,False,NORMAL
TXN100556,40469.0,18.553226,73.857865,18.546502,73.857925,2026-08-07 14:30:16,ATM-PN-0039,0.75,22.43,False,NORMAL
TXN100164,38408.47,18.551567,73.869651,18.552224,73.863864,2026-08-07 15:59:19,ATM-PN-0047,0.61,18.43,False,NORMAL
TXN100048,49930.04,18.53502,73.85139,18.543548,73.853174,2026-08-07 16:02:19,ATM-PN-0026,0.97,29.0,False,NORMAL
TXN100058,15794.74,18.520223,73.864211,18.519509,73.861752,2026-08-07 17:11:39,ATM-PN-0022,0.27,8.13,False,NORMAL
TXN100288,40528.37,18.5329,73.858995,18.530784,73.870332,2026-08-07 17:33:59,ATM-PN-0031,1.22,36.55,False,NORMAL
TXN100884,10292.34,18.523602,73.858944,18.524185,73.85906,2026-08-07 17:57:05,ATM-PN-0012,0.07,1.98,False,NORMAL
TXN100563,4839.65,18.521371,73.862245,18.508355,73.85972,2026-08-07 18:06:35,ATM-PN-0047,1.47,44.15,False,NORMAL
TXN100837,36927.68,18.518148,73.867351,18.528126,73.85865,2026-08-07 18:49:12,ATM-PN-0042,1.44,43.19,False,NORMAL
TXN100630,19528.98,18.512262,73.858046,18.512405,73.859033,2026-08-07 19:39:27,ATM-PN-0045,0.11,3.16,False,NORMAL
TXN100301,17848.82,18.521067,73.837992,18.520076,73.835192,2026-08-07 19:44:51,ATM-PN-0007,0.32,9.45,False,NORMAL
TXN100613,8130.44,18.537045,73.840977,18.538839,73.840143,2026-08-07 22:02:09,ATM-PN-0032,0.22,6.54,False,NORMAL
TXN100496,18229.29,18.514571,73.837118,18.5136,73.834566,2026-08-07 23:01:26,ATM-PN-0009,0.29,8.7,False,NORMAL
TXN100814,42693.33,18.515777,73.872551,18.510431,73.874046,2026-08-07 23:28:22,ATM-PN-0044,0.61,18.45,False,NORMAL
TXN100729,28732.5,18.507979,73.86371,18.11388,74.799557,2026-08-07 23:58:34,ATM-PN-0021,108.08,3242.25,True,CRITICAL
TXN100165,19094.45,18.498469,73.871881,18.508261,73.86503,2026-08-08 00:01:24,ATM-PN-0044,1.31,39.2,False,NORMAL
TXN100704,23719.58,18.510246,73.862861,16.025416,72.125605,2026-08-08 01:11:58,ATM-PN-0017,332.21,9966.29,True,CRITICAL
TXN100008,20506.67,18.497876,73.853491,18.502168,73.852633,2026-08-08 01:31:15,ATM-PN-0033,0.49,14.57,False,NORMAL
TXN100925,19181.08,18.528808,73.870285,18.536517,73.872851,2026-08-08 02:49:37,ATM-PN-0013,0.9,26.97,False,NORMAL
TXN100112,27724.86,18.539089,73.82953,18.536819,73.820317,2026-08-08 06:08:49,ATM-PN-0019,1.0,30.11,False,NORMAL
TXN100909,14909.72,18.537998,73.858587,18.539424,73.863877,2026-08-08 06:32:06,ATM-PN-0034,0.58,17.39,False,NORMAL
TXN100892,24423.2,18.508128,73.876356,18.498623,73.874738,2026-08-08 06:38:00,ATM-PN-0032,1.07,32.12,False,NORMAL
TXN100360,5101.09,18.526009,73.874594,18.532079,73.868466,2026-08-08 07:45:55,ATM-PN-0022,0.93,28.03,False,NORMAL
TXN100036,33904.41,18.518606,73.847888,18.512641,73.854464,2026-08-08 08:17:12,ATM-PN-0031,0.96,28.79,False,NORMAL
TXN100739,7923.13,18.518177,73.862696,18.518408,73.866053,2026-08-08 08:38:42,ATM-PN-0002,0.35,10.65,False,NORMAL
TXN100960,29331.05,18.51522,73.845008,18.525369,73.845494,2026-08-08 08:49:35,ATM-PN-0003,1.13,33.89,False,NORMAL
TXN100251,27893.13,18.532312,73.856495,18.535543,73.858489,2026-08-08 08:53:20,ATM-PN-0039,0.42,12.49,False,NORMAL
TXN100500,41042.96,18.506995,73.875338,18.507833,73.875153,2026-08-08 09:02:02,ATM-PN-0013,0.1,2.86,False,NORMAL
TXN100013,9935.21,18.499679,73.867678,18.503473,73.872812,2026-08-08 09:23:34,ATM-PN-0039,0.69,20.59,False,NORMAL
TXN100220,20549.85,18.522071,73.862325,18.523545,73.875896,2026-08-08 10:07:39,ATM-PN-0012,1.44,43.21,False,NORMAL
TXN100038,5311.0,18.51474,73.860953,16.656128,73.951849,2026-08-08 12:54:45,ATM-PN-0035,206.89,6206.79,True,CRITICAL
TXN100221,21762.87,18.517347,73.848517,18.506007,73.852438,2026-08-08 13:09:45,ATM-PN-0001,1.33,39.81,False,NORMAL
TXN100247,36672.79,18.544989,73.857931,18.544279,73.858608,2026-08-08 14:18:06,ATM-PN-0007,0.11,3.19,False,NORMAL
TXN100228,20752.15,18.493484,73.860555,18.489142,73.853991,2026-08-08 14:53:42,ATM-PN-0032,0.84,25.32,False,NORMAL
TXN100833,44508.33,18.522679,73.84259,18.523197,73.842163,2026-08-08 15:50:43,ATM-PN-0014,0.07,2.19,False,NORMAL
TXN100321,46081.33,18.534667,73.868839,18.534581,73.865454,2026-08-08 16:42:59,ATM-PN-0024,0.36,10.71,False,NORMAL
TXN100774,43474.57,18.512406,73.851345,18.513796,73.852322,2026-08-08 17:21:05,ATM-PN-0012,0.19,5.57,False,NORMAL
TXN100060,38953.36,18.522738,73.880814,18.52185,73.875624,2026-08-08 17:54:18,ATM-PN-0037,0.56,16.68,False,NORMAL
TXN100670,4308.89,18.523589,73.85365,18.525922,73.852989,2026-08-08 18:57:13,ATM-PN-0011,0.27,8.06,False,NORMAL
TXN100035,27060.33,18.541507,73.856707,18.552151,73.857691,2026-08-08 19:18:48,ATM-PN-0030,1.19,35.64,False,NORMAL
TXN100006,5016.5,18.534211,73.846474,15.635658,74.005552,2026-08-08 19:38:43,ATM-PN-0023,322.75,9682.44,True,CRITICAL
TXN100791,1386.8,18.524912,73.868855,18.516587,73.872733,2026-08-08 19:45:11,ATM-PN-0026,1.01,30.36,False,NORMAL
TXN100392,8162.88,18.530527,73.873816,18.529408,73.869255,2026-08-08 19:59:35,ATM-PN-0010,0.5,14.9,False,NORMAL
TXN100342,7299.58,18.528475,73.849609,18.52892,73.848998,2026-08-08 20:55:01,ATM-PN-0013,0.08,2.44,False,NORMAL
TXN100915,21045.11,18.520021,73.853202,20.572907,70.867173,2026-08-08 22:05:51,ATM-PN-0012,387.29,11618.76,True,CRITICAL
TXN100686,14787.38,18.534381,73.872109,18.538821,73.858759,2026-08-08 23:11:30,ATM-PN-0047,1.49,44.75,False,NORMAL
TXN100142,46757.03,18.508369,73.836048,18.502348,73.833512,2026-08-09 00:12:27,ATM-PN-0047,0.72,21.63,False,NORMAL
TXN100522,49855.4,18.49854,73.860448,18.491382,73.857395,2026-08-09 00:24:47,ATM-PN-0034,0.86,25.76,False,NORMAL
TXN100346,16449.55,18.501119,73.875454,18.506142,73.875923,2026-08-09 00:56:09,ATM-PN-0034,0.56,16.82,False,NORMAL
TXN100408,4713.78,18.534975,73.875873,18.529885,73.874221,2026-08-09 02:10:13,ATM-PN-0014,0.59,17.77,False,NORMAL
TXN100659,5350.96,18.497563,73.858639,18.493964,73.847742,2026-08-09 02:10:27,ATM-PN-0032,1.22,36.5,False,NORMAL
TXN100438,19063.98,18.534056,73.857268,18.527049,73.856346,2026-08-09 02:31:41,ATM-PN-0014,0.79,23.56,False,NORMAL
TXN100232,2095.4,18.511362,73.853772,18.513725,73.851275,2026-08-09 03:32:15,ATM-PN-0017,0.37,11.16,False,NORMAL
TXN100114,23636.59,18.525224,73.82968,18.520842,73.827424,2026-08-09 03:58:49,ATM-PN-0036,0.54,16.27,False,NORMAL
TXN100000,43050.53,18.52044,73.8468,18.519645,73.850819,2026-08-09 05:56:24,ATM-PN-0005,0.43,12.99,False,NORMAL
TXN100132,40296.31,18.520782,73.855186,18.520663,73.854646,2026-08-09 06:11:51,ATM-PN-0034,0.06,1.75,False,NORMAL
TXN100157,47889.35,18.518134,73.834072,18.519039,73.839222,2026-08-09 06:33:55,ATM-PN-0031,0.55,16.57,False,NORMAL
TXN100374,7452.23,18.512209,73.878502,19.04905,74.824292,2026-08-09 06:34:21,ATM-PN-0046,116.09,3482.72,True,CRITICAL
TXN100962,12360.05,18.502928,73.840636,18.50108,73.84512,2026-08-09 08:25:18,ATM-PN-0024,0.52,15.47,False,NORMAL
TXN100803,23880.08,18.508817,73.868369,16.619446,76.268943,2026-08-09 09:09:04,ATM-PN-0011,329.99,9899.67,True,CRITICAL
TXN100647,49345.72,18.534575,73.870187,18.540016,73.863488,2026-08-09 09:30:12,ATM-PN-0033,0.93,27.9,False,NORMAL
TXN100656,26327.55,18.536825,73.83973,18.534187,73.841454,2026-08-09 09:40:13,ATM-PN-0014,0.35,10.35,False,NORMAL
TXN100128,23794.05,18.516442,73.86161,18.509694,73.851243,2026-08-09 09:41:32,ATM-PN-0035,1.33,39.78,False,NORMAL
TXN100861,28502.5,18.522601,73.84867,18.518599,73.842034,2026-08-09 09:57:14,ATM-PN-0044,0.83,24.88,False,NORMAL
TXN100432,1319.85,18.541647,73.849916,18.545093,73.853897,2026-08-09 10:36:46,ATM-PN-0034,0.57,17.05,False,NORMAL
TXN100345,21755.78,18.530189,73.863151,18.52859,73.863897,2026-08-09 10:42:50,ATM-PN-0028,0.19,5.83,False,NORMAL
TXN100446,25772.12,18.51224,73.855447,18.512798,73.852735,2026-08-09 10:58:01,ATM-PN-0045,0.29,8.78,False,NORMAL
TXN100929,19764.74,18.52262,73.86306,18.520423,73.868302,2026-08-09 11:17:18,ATM-PN-0030,0.6,18.13,False,NORMAL
TXN100964,47577.57,18.534178,73.84827,18.532548,73.847935,2026-08-09 13:05:16,ATM-PN-0049,0.18,5.54,False,NORMAL
TXN100816,7972.13,18.518857,73.847928,18.5193,73.84768,2026-08-09 14:14:09,ATM-PN-0037,0.06,1.67,False,NORMAL
TXN100763,7724.17,18.535485,73.853773,18.53074,73.857014,2026-08-09 15:31:16,ATM-PN-0019,0.63,18.86,False,NORMAL
TXN100295,20081.98,18.539841,73.836555,18.544557,73.834655,2026-08-09 15:54:28,ATM-PN-0007,0.56,16.84,False,NORMAL
TXN100760,18712.05,18.526402,73.875786,18.529381,73.877754,2026-08-09 16:48:15,ATM-PN-0037,0.39,11.73,False,NORMAL
TXN100187,31017.71,18.536296,73.861293,18.532126,73.853665,2026-08-09 17:12:36,ATM-PN-0031,0.93,27.85,False,NORMAL
TXN100673,24564.35,18.495342,73.852259,18.497374,73.843164,2026-08-09 17:16:09,ATM-PN-0043,0.99,29.56,False,NORMAL
TXN100531,30056.77,18.529614,73.850627,18.517457,73.851867,2026-08-09 17:37:22,ATM-PN-0006,1.36,40.74,False,NORMAL
TXN100950,33450.94,18.508447,73.864377,18.517845,73.866155,2026-08-09 17:42:05,ATM-PN-0010,1.06,31.85,False,NORMAL
TXN100875,6736.09,18.517948,73.853203,21.447818,71.735415,2026-08-09 21:06:45,ATM-PN-0033,393.83,11814.81,True,CRITICAL
TXN100462,17483.27,18.52658,73.850607,18.530098,73.849618,2026-08-09 21:25:44,ATM-PN-0012,0.4,12.15,False,NORMAL
TXN100046,21337.55,18.527994,73.847339,18.530502,73.850043,2026-08-09 21:39:46,ATM-PN-0008,0.4,11.96,False,NORMAL
TXN100169,5494.39,18.50642,73.863057,18.765319,74.827199,2026-08-09 22:45:05,ATM-PN-0003,105.59,3167.61,True,CRITICAL
TXN100645,9140.17,18.529219,73.867755,18.52963,73.87416,2026-08-09 23:17:17,ATM-PN-0045,0.68,20.3,False,NORMAL
TXN100789,2740.31,18.534575,73.860562,18.540431,73.851212,2026-08-09 23:21:22,ATM-PN-0027,1.18,35.44,False,NORMAL
TXN100783,22549.4,18.503624,73.84304,18.505162,73.848018,2026-08-09 23:42:35,ATM-PN-0025,0.55,16.56,False,NORMAL
TXN100471,16017.36,18.514765,73.846783,18.514171,73.847721,2026-08-10 00:31:51,ATM-PN-0042,0.12,3.57,False,NORMAL
TXN100384,1132.14,18.503735,73.836914,18.493259,73.842773,2026-08-10 00:42:53,ATM-PN-0007,1.32,39.56,False,NORMAL
TXN100606,33354.98,18.509259,73.852682,18.507001,73.850125,2026-08-10 00:55:37,ATM-PN-0043,0.37,11.05,False,NORMAL
TXN100170,27218.11,18.514982,73.853754,18.514428,73.85399,2026-08-10 01:49:00,ATM-PN-0049,0.07,1.99,False,NORMAL
TXN100366,33353.68,18.51001,73.845409,18.500254,73.846583,2026-08-10 04:38:45,ATM-PN-0042,1.09,32.76,False,NORMAL
TXN100313,24074.98,18.504343,73.864337,18.509065,73.859757,2026-08-10 04:42:51,ATM-PN-0006,0.71,21.4,False,NORMAL
TXN100946,24826.96,18.52925,73.867895,18.146657,71.283956,2026-08-10 04:52:17,ATM-PN-0027,276.03,8280.77,True,CRITICAL
TXN100212,25577.33,18.525764,73.836884,18.520505,73.84087,2026-08-10 06:23:04,ATM-PN-0045,0.72,21.6,False,NORMAL
TXN100327,48045.76,18.53021,73.857906,18.52398,73.86022,2026-08-10 06:33:11,ATM-PN-0031,0.73,22.03,False,NORMAL
TXN100533,49801.72,18.519867,73.842584,18.518316,73.847378,2026-08-10 07:34:52,ATM-PN-0033,0.53,16.02,False,NORMAL
TXN100343,9427.66,18.537647,73.855204,18.538903,73.853651,2026-08-10 08:41:25,ATM-PN-0006,0.22,6.46,False,NORMAL
TXN100615,24075.18,18.527252,73.860765,18.521051,73.861749,2026-08-10 10:19:52,ATM-PN-0049,0.7,20.92,False,NORMAL
TXN100981,41480.29,18.49348,73.862117,16.500288,77.512406,2026-08-10 11:16:25,ATM-PN-0014,446.04,13381.31,True,CRITICAL
TXN100109,6115.71,18.498137,73.849964,18.498158,73.85922,2026-08-10 13:23:53,ATM-PN-0048,0.98,29.28,False,NORMAL
TXN100564,26506.87,18.535372,73.857896,18.532034,73.865828,2026-08-10 13:26:50,ATM-PN-0040,0.91,27.45,False,NORMAL
TXN100005,9171.94,18.539123,73.852328,18.539763,73.844142,2026-08-10 14:48:12,ATM-PN-0034,0.87,25.98,False,NORMAL
TXN100098,2694.62,18.520165,73.841014,18.515242,73.850114,2026-08-10 14:54:40,ATM-PN-0035,1.1,33.14,False,NORMAL
TXN100238,38559.77,18.513809,73.857918,18.514091,73.856883,2026-08-10 15:33:15,ATM-PN-0026,0.11,3.41,False,NORMAL
TXN100866,4549.54,18.51575,73.864262,18.515773,73.864332,2026-08-10 17:56:50,ATM-PN-0037,0.01,0.23,False,NORMAL
TXN100096,27432.06,18.520364,73.870787,18.52503,73.869304,2026-08-10 18:41:14,ATM-PN-0033,0.54,16.26,False,NORMAL
TXN100976,15884.55,18.497115,73.845952,18.496694,73.840553,2026-08-10 20:45:00,ATM-PN-0038,0.57,17.14,False,NORMAL
TXN100505,41270.33,18.511566,73.860575,17.978459,71.757124,2026-08-10 23:54:35,ATM-PN-0018,229.91,6897.18,True,CRITICAL
TXN100520,7826.61,18.525243,73.831958,18.526565,73.825962,2026-08-11 00:09:47,ATM-PN-0022,0.65,19.47,False,NORMAL
TXN100382,32679.28,18.515065,73.854953,18.524089,73.853832,2026-08-11 00:46:18,ATM-PN-0012,1.01,30.31,False,NORMAL
TXN100994,35186.72,18.523026,73.854714,18.51701,73.859006,2026-08-11 01:21:22,ATM-PN-0026,0.81,24.23,False,NORMAL
TXN100864,46968.59,18.500545,73.854358,18.512619,73.85866,2026-08-11 01:48:54,ATM-PN-0028,1.42,42.51,False,NORMAL
TXN100376,38721.19,18.538843,73.867749,18.529243,73.861428,2026-08-11 01:53:26,ATM-PN-0029,1.26,37.75,False,NORMAL
TXN100811,41048.46,18.524921,73.83313,18.523555,73.834791,2026-08-11 02:03:28,ATM-PN-0008,0.23,6.95,False,NORMAL
TXN100565,9405.41,18.521929,73.86338,18.5134,73.863804,2026-08-11 03:57:37,ATM-PN-0040,0.95,28.48,False,NORMAL
TXN100810,8273.11,18.54124,73.862089,18.551215,73.855503,2026-08-11 05:00:17,ATM-PN-0019,1.31,39.26,False,NORMAL
TXN100643,8308.81,18.514976,73.852054,18.508892,73.858379,2026-08-11 05:46:05,ATM-PN-0032,0.95,28.5,False,NORMAL
TXN100568,6134.92,18.519693,73.876973,18.520486,73.869179,2026-08-11 06:15:39,ATM-PN-0022,0.83,24.79,False,NORMAL
TXN100147,24047.13,18.52884,73.863614,18.535296,73.857271,2026-08-11 06:18:02,ATM-PN-0042,0.98,29.43,False,NORMAL
TXN100115,20834.36,18.522545,73.854614,18.512943,73.855979,2026-08-11 06:18:10,ATM-PN-0027,1.08,32.32,False,NORMAL
TXN100690,37122.87,18.510212,73.864591,18.502309,73.864901,2026-08-11 06:28:39,ATM-PN-0015,0.88,26.38,False,NORMAL
TXN100965,9802.78,18.502462,73.868854,18.496973,73.872369,2026-08-11 07:37:09,ATM-PN-0041,0.71,21.42,False,NORMAL
TXN100396,17627.36,18.503966,73.85414,20.718879,75.906063,2026-08-11 08:17:51,ATM-PN-0016,326.87,9806.06,True,CRITICAL
TXN100270,1683.56,18.519497,73.829741,18.521351,73.828857,2026-08-11 08:34:52,ATM-PN-0035,0.23,6.79,False,NORMAL
TXN100348,26254.28,18.516266,73.87034,18.503938,73.874035,2026-08-11 09:20:23,ATM-PN-0034,1.43,42.75,False,NORMAL
TXN100032,39432.38,18.523287,73.872002,18.524996,73.877643,2026-08-11 09:22:36,ATM-PN-0024,0.62,18.73,False,NORMAL
TXN100843,8874.96,18.525154,73.861766,18.521692,73.864171,2026-08-11 10:36:13,ATM-PN-0040,0.46,13.83,False,NORMAL
TXN100838,32435.4,18.521457,73.858705,17.316649,77.137053,2026-08-11 11:12:53,ATM-PN-0042,371.81,11154.43,True,CRITICAL
TXN100285,3518.46,18.519095,73.85827,18.513807,73.856431,2026-08-11 11:39:08,ATM-PN-0018,0.62,18.57,False,NORMAL
TXN100333,15274.56,18.50782,73.849968,18.501046,73.84413,2026-08-11 12:01:06,ATM-PN-0007,0.97,29.18,False,NORMAL
TXN100135,34558.16,18.508179,73.842707,18.506516,73.831489,2026-08-11 12:29:49,ATM-PN-0002,1.2,35.92,False,NORMAL
TXN100954,38946.21,18.512222,73.853084,18.511435,73.852128,2026-08-11 12:45:14,ATM-PN-0023,0.13,4.0,False,NORMAL
TXN100545,2570.4,18.494187,73.859074,18.491431,73.861053,2026-08-11 13:39:44,ATM-PN-0048,0.37,11.12,False,NORMAL
TXN100407,47498.52,18.520981,73.844674,18.514094,73.85211,2026-08-11 13:42:32,ATM-PN-0036,1.1,32.88,False,NORMAL
TXN100028,33082.38,18.519806,73.853497,18.523757,73.852916,2026-08-11 14:14:47,ATM-PN-0018,0.44,13.31,False,NORMAL
TXN100116,17553.48,18.534822,73.859985,18.532236,73.85418,2026-08-11 14:37:21,ATM-PN-0050,0.68,20.29,False,NORMAL
TXN100916,19980.79,18.521338,73.828879,18.519086,73.827786,2026-08-11 15:36:16,ATM-PN-0003,0.28,8.27,False,NORMAL
TXN100149,46729.17,18.532465,73.839524,18.535418,73.834448,2026-08-11 16:26:53,ATM-PN-0003,0.63,18.84,False,NORMAL
TXN100368,2992.36,18.535425,73.838976,18.538624,73.838336,2026-08-11 16:29:11,ATM-PN-0015,0.36,10.86,False,NORMAL
TXN100398,40239.43,18.512465,73.852528,18.504612,73.860815,2026-08-11 17:33:29,ATM-PN-0029,1.24,37.06,False,NORMAL
TXN100065,2593.96,18.503978,73.849239,18.504607,73.848454,2026-08-11 17:44:08,ATM-PN-0002,0.11,3.25,False,NORMAL
TXN100075,7967.62,18.493165,73.858356,18.488871,73.859055,2026-08-11 18:36:27,ATM-PN-0004,0.48,14.49,False,NORMAL
TXN100657,16701.15,18.528395,73.839663,18.596128,77.237246,2026-08-11 19:01:51,ATM-PN-0038,358.21,10746.45,True,CRITICAL
TXN100260,1126.92,18.517764,73.854104,18.521769,73.862478,2026-08-11 20:02:46,ATM-PN-0009,0.99,29.67,False,NORMAL
TXN100604,24421.77,18.510673,73.872787,18.511112,73.872899,2026-08-11 20:31:15,ATM-PN-0024,0.05,1.51,False,NORMAL
TXN100173,25033.23,18.528695,73.851739,18.521106,73.855679,2026-08-11 20:37:00,ATM-PN-0023,0.94,28.22,False,NORMAL
TXN100869,26223.91,18.524931,73.879502,18.529825,73.868818,2026-08-11 21:32:38,ATM-PN-0016,1.25,37.53,False,NORMAL
TXN100253,24996.94,18.522721,73.843122,18.534366,73.839527,2026-08-11 21:59:47,ATM-PN-0008,1.35,40.48,False,NORMAL
TXN100653,19672.85,18.512651,73.864696,18.50061,73.868386,2026-08-11 23:43:06,ATM-PN-0009,1.39,41.83,False,NORMAL
TXN100495,12017.39,18.534369,73.857395,18.541893,73.865413,2026-08-12 01:56:05,ATM-PN-0036,1.19,35.68,False,NORMAL
TXN100072,22389.3,18.502794,73.838048,18.504649,73.838943,2026-08-12 03:37:15,ATM-PN-0020,0.23,6.8,False,NORMAL
TXN100840,10687.35,18.52808,73.857133,18.526048,73.87068,2026-08-12 06:44:14,ATM-PN-0046,1.45,43.38,False,NORMAL
TXN100475,46613.68,18.506927,73.85915,18.514135,73.863601,2026-08-12 06:59:11,ATM-PN-0025,0.93,27.86,False,NORMAL
TXN100900,20488.65,18.537417,73.845746,18.539714,73.834278,2026-08-12 08:20:31,ATM-PN-0026,1.24,37.07,False,NORMAL
TXN100525,36560.09,18.505584,73.871924,18.510742,73.880036,2026-08-12 09:09:10,ATM-PN-0006,1.03,30.9,False,NORMAL
TXN100692,49719.48,18.509345,73.863837,18.50907,73.865513,2026-08-12 09:26:39,ATM-PN-0005,0.18,5.38,False,NORMAL
TXN100399,48595.62,18.514106,73.875585,18.515023,73.87625,2026-08-12 10:30:39,ATM-PN-0050,0.12,3.71,False,NORMAL
TXN100434,27194.66,18.502787,73.855741,18.510061,73.850313,2026-08-12 12:16:35,ATM-PN-0001,0.99,29.73,False,NORMAL
TXN100140,43448.89,18.526158,73.85291,18.522842,73.845954,2026-08-12 12:22:28,ATM-PN-0044,0.82,24.63,False,NORMAL
TXN100402,28125.17,18.518928,73.859458,18.519129,73.858714,2026-08-12 13:12:01,ATM-PN-0037,0.08,2.45,False,NORMAL
TXN100779,28673.34,18.536958,73.847954,18.546528,73.845186,2026-08-12 13:17:40,ATM-PN-0014,1.1,33.1,False,NORMAL
TXN100905,16640.94,18.507302,73.865129,18.497072,73.862531,2026-08-12 15:40:48,ATM-PN-0002,1.17,35.1,False,NORMAL
TXN100617,45926.75,18.502561,73.863519,18.511485,73.866,2026-08-12 15:57:34,ATM-PN-0041,1.03,30.79,False,NORMAL
TXN100716,14012.15,18.52098,73.860503,18.512587,73.855498,2026-08-12 16:05:19,ATM-PN-0042,1.07,32.16,False,NORMAL
TXN100240,39886.06,18.533688,73.863115,18.539231,73.855079,2026-08-12 18:00:32,ATM-PN-0026,1.05,31.43,False,NORMAL
TXN100799,35857.37,18.506966,73.843964,18.495962,73.844848,2026-08-12 19:01:45,ATM-PN-0034,1.23,36.81,False,NORMAL
TXN100765,36937.15,18.516388,73.854029,18.5139,73.844207,2026-08-12 19:56:42,ATM-PN-0017,1.07,32.16,False,NORMAL
TXN100289,13693.09,18.530797,73.840148,18.530049,73.838958,2026-08-12 20:43:54,ATM-PN-0048,0.15,4.52,False,NORMAL
TXN100937,14778.53,18.508948,73.849534,18.501053,73.838365,2026-08-12 22:46:46,ATM-PN-0002,1.47,44.07,False,NORMAL
TXN100271,42525.8,18.532927,73.845823,18.532916,73.845805,2026-08-13 01:28:37,ATM-PN-0047,0.0,0.07,False,NORMAL
TXN100449,30514.99,18.519329,73.856682,18.517171,73.870221,2026-08-13 01:41:16,ATM-PN-0013,1.45,43.43,False,NORMAL
TXN100235,28850.41,18.507947,73.858368,18.504445,73.871821,2026-08-13 01:50:21,ATM-PN-0033,1.47,44.13,False,NORMAL
TXN100219,40102.48,18.528483,73.858186,18.532068,73.861287,2026-08-13 02:04:25,ATM-PN-0048,0.52,15.47,False,NORMAL
TXN100978,40899.32,18.506259,73.846543,18.501623,73.857663,2026-08-13 02:18:25,ATM-PN-0019,1.28,38.43,False,NORMAL
TXN100728,43236.74,18.522819,73.858853,16.651521,74.353568,2026-08-13 02:49:36,ATM-PN-0037,214.58,6437.53,True,CRITICAL
TXN100766,30515.54,18.518977,73.855762,17.064975,75.850627,2026-08-13 03:23:29,ATM-PN-0043,265.98,7979.43,True,CRITICAL
TXN100234,40769.73,18.527419,73.844177,18.529228,73.835605,2026-08-13 03:26:55,ATM-PN-0004,0.93,27.78,False,NORMAL
TXN100472,18476.66,18.518764,73.871025,18.522678,73.866211,2026-08-13 03:44:23,ATM-PN-0038,0.67,20.06,False,NORMAL
TXN100053,21877.89,18.520891,73.855662,18.521951,73.856326,2026-08-13 04:15:44,ATM-PN-0048,0.14,4.11,False,NORMAL
TXN100761,6366.36,18.523213,73.851428,18.520382,73.845693,2026-08-13 04:36:25,ATM-PN-0046,0.68,20.45,False,NORMAL
TXN100420,43673.66,18.52192,73.838342,18.514911,73.835098,2026-08-13 05:14:33,ATM-PN-0010,0.85,25.53,False,NORMAL
TXN100775,49901.23,18.513558,73.829876,18.515656,73.839064,2026-08-13 06:23:36,ATM-PN-0001,1.0,29.89,False,NORMAL
TXN100515,16572.26,18.513584,73.861363,18.516184,73.862808,2026-08-13 06:45:48,ATM-PN-0031,0.33,9.8,False,NORMAL
TXN100456,11845.77,18.530261,73.888336,18.529945,73.891769,2026-08-13 09:47:33,ATM-PN-0016,0.36,10.91,False,NORMAL
TXN100859,12095.77,18.504177,73.876604,18.503354,73.872372,2026-08-13 10:42:21,ATM-PN-0032,0.46,13.67,False,NORMAL
TXN100666,24185.43,18.521774,73.854624,18.524212,73.856849,2026-08-13 11:18:03,ATM-PN-0049,0.36,10.76,False,NORMAL
TXN100020,4475.61,18.543107,73.876618,18.536372,73.881953,2026-08-13 11:53:33,ATM-PN-0022,0.94,28.1,False,NORMAL
TXN100146,5476.97,18.508077,73.854963,18.50694,73.849196,2026-08-13 11:58:41,ATM-PN-0050,0.62,18.63,False,NORMAL
TXN100504,23668.93,18.535104,73.851119,18.541291,73.839608,2026-08-13 12:13:59,ATM-PN-0041,1.39,41.85,False,NORMAL
TXN100641,11054.98,18.522374,73.862738,18.526613,73.861729,2026-08-13 12:30:07,ATM-PN-0003,0.48,14.5,False,NORMAL
TXN100413,21701.22,18.509868,73.870982,18.507874,73.875732,2026-08-13 12:44:57,ATM-PN-0001,0.55,16.43,False,NORMAL
TXN100180,18283.35,18.525954,73.848558,18.520924,73.84742,2026-08-13 14:35:16,ATM-PN-0017,0.57,17.16,False,NORMAL
TXN100943,41070.39,18.521743,73.86643,18.522387,73.855978,2026-08-13 17:23:33,ATM-PN-0031,1.1,33.13,False,NORMAL
TXN100354,39345.62,18.495798,73.86583,18.494094,73.874447,2026-08-13 17:26:17,ATM-PN-0032,0.93,27.85,False,NORMAL
TXN100308,31442.0,18.506059,73.857603,18.506589,73.856486,2026-08-13 18:12:33,ATM-PN-0031,0.13,3.95,False,NORMAL
TXN100578,2679.48,18.528106,73.855266,18.527521,73.856797,2026-08-13 21:12:34,ATM-PN-0039,0.17,5.22,False,NORMAL
TXN100834,24318.23,18.520061,73.851487,18.520938,73.851754,2026-08-13 22:19:13,ATM-PN-0020,0.1,3.05,False,NORMAL
TXN100068,16986.9,18.511079,73.856058,18.508843,73.859798,2026-08-14 00:19:24,ATM-PN-0011,0.47,13.99,False,NORMAL
TXN100390,48232.35,18.502465,73.838558,18.503799,73.830075,2026-08-14 00:59:12,ATM-PN-0019,0.91,27.2,False,NORMAL
TXN100484,14834.97,18.513836,73.852592,18.518588,73.863675,2026-08-14 01:06:38,ATM-PN-0041,1.28,38.47,False,NORMAL
TXN100352,13010.55,18.52223,73.854363,18.526513,73.858801,2026-08-14 01:37:52,ATM-PN-0045,0.67,20.03,False,NORMAL
TXN100089,25910.96,18.50224,73.855272,17.166554,74.319588,2026-08-14 02:02:34,ATM-PN-0028,156.44,4693.26,True,CRITICAL
TXN100835,38216.59,18.525833,73.848396,18.518171,73.84207,2026-08-14 02:05:31,ATM-PN-0033,1.08,32.46,False,NORMAL
TXN100622,42893.82,18.52394,73.83373,18.530916,73.840637,2026-08-14 02:49:55,ATM-PN-0009,1.06,31.92,False,NORMAL
TXN100178,15507.81,18.503108,73.850948,18.505463,73.849307,2026-08-14 02:59:34,ATM-PN-0001,0.31,9.42,False,NORMAL
TXN100718,3116.19,18.517287,73.856369,18.518762,73.857492,2026-08-14 03:22:03,ATM-PN-0005,0.2,6.07,False,NORMAL
TXN100092,22705.77,18.517061,73.853082,18.516544,73.851181,2026-08-14 03:57:28,ATM-PN-0001,0.21,6.26,False,NORMAL
TXN100324,3282.19,18.526965,73.850562,18.522063,73.855802,2026-08-14 04:34:21,ATM-PN-0011,0.78,23.28,False,NORMAL
TXN100492,16563.42,18.526049,73.86106,18.525024,73.859867,2026-08-14 05:12:36,ATM-PN-0011,0.17,5.09,False,NORMAL
TXN100257,14234.65,18.514219,73.867237,18.508811,73.862143,2026-08-14 05:15:49,ATM-PN-0020,0.81,24.19,False,NORMAL
TXN100569,17227.87,18.524379,73.84816,18.523229,73.85035,2026-08-14 05:30:11,ATM-PN-0044,0.26,7.92,False,NORMAL
TXN100210,39985.43,18.520903,73.85135,18.524099,73.864359,2026-08-14 05:50:02,ATM-PN-0045,1.42,42.51,False,NORMAL
TXN100033,40421.18,18.532352,73.856758,18.52128,73.858095,2026-08-14 07:05:19,ATM-PN-0048,1.24,37.18,False,NORMAL
TXN100767,15474.11,18.505549,73.842749,18.503046,73.840281,2026-08-14 08:20:10,ATM-PN-0026,0.38,11.43,False,NORMAL
TXN100273,48740.46,18.514591,73.854386,18.508001,73.861558,2026-08-14 09:52:11,ATM-PN-0006,1.05,31.59,False,NORMAL
TXN100649,12943.4,18.53546,73.871581,18.536696,73.876605,2026-08-14 10:10:37,ATM-PN-0040,0.55,16.42,False,NORMAL
TXN100014,46745.3,18.529095,73.854837,18.519908,73.860572,2026-08-14 10:57:42,ATM-PN-0033,1.19,35.61,False,NORMAL
TXN100524,17810.96,18.522268,73.86368,18.527321,73.873267,2026-08-14 11:11:54,ATM-PN-0029,1.16,34.69,False,NORMAL
TXN100108,18862.74,18.517482,73.872532,18.51551,73.873209,2026-08-14 11:45:25,ATM-PN-0029,0.23,6.92,False,NORMAL
TXN100596,45798.34,18.527965,73.845322,18.525421,73.832245,2026-08-14 11:52:29,ATM-PN-0006,1.41,42.22,False,NORMAL
TXN100080,28166.64,18.519845,73.853911,18.528099,73.859038,2026-08-14 12:06:00,ATM-PN-0042,1.07,31.95,False,NORMAL
TXN100197,22135.87,18.517649,73.856377,22.266752,75.243361,2026-08-14 12:48:06,ATM-PN-0005,441.22,13236.68,True,CRITICAL
TXN100023,39909.1,18.530948,73.839777,18.542651,73.843446,2026-08-14 13:03:42,ATM-PN-0019,1.36,40.73,False,NORMAL
TXN100594,40587.05,18.537807,73.865211,18.538053,73.856937,2026-08-14 13:10:34,ATM-PN-0049,0.87,26.18,False,NORMAL
TXN100741,2590.5,18.526412,73.865504,18.521825,73.859324,2026-08-14 14:24:30,ATM-PN-0047,0.83,24.82,False,NORMAL
TXN100412,24550.13,18.515356,73.849914,18.515684,73.850847,2026-08-14 15:23:02,ATM-PN-0022,0.1,3.15,False,NORMAL
TXN100418,38721.17,18.535758,73.852146,18.536584,73.857287,2026-08-14 15:57:17,ATM-PN-0047,0.55,16.49,False,NORMAL
TXN100004,48114.6,18.520798,73.860956,19.940406,74.828678,2026-08-14 16:17:21,ATM-PN-0037,187.72,5631.68,True,CRITICAL
TXN100636,33532.16,18.528182,73.859054,18.528742,73.857476,2026-08-14 17:28:03,ATM-PN-0030,0.18,5.33,False,NORMAL
TXN100503,18634.52,18.522515,73.841749,18.406415,77.121742,2026-08-14 17:57:19,ATM-PN-0039,346.18,10385.38,True,CRITICAL
TXN100189,5267.54,18.522678,73.85024,18.532296,73.858316,2026-08-14 18:01:16,ATM-PN-0010,1.37,41.01,False,NORMAL
TXN100961,46640.35,18.517756,73.856272,18.80403,69.635215,2026-08-14 18:01:30,ATM-PN-0031,445.81,13374.39,True,CRITICAL
TXN100863,30915.6,18.524957,73.878399,18.519208,73.865978,2026-08-14 18:09:07,ATM-PN-0044,1.46,43.72,False,NORMAL
TXN100821,27813.4,18.52031,73.836012,18.523512,73.83824,2026-08-14 19:10:28,ATM-PN-0034,0.43,12.8,False,NORMAL
TXN100777,16515.15,18.52726,73.856579,18.53713,73.864765,2026-08-14 21:16:01,ATM-PN-0002,1.4,41.89,False,NORMAL
TXN100417,2314.49,18.498414,73.835206,18.500824,73.845869,2026-08-14 21:23:52,ATM-PN-0017,1.16,34.68,False,NORMAL
TXN100056,18694.27,18.524977,73.878881,18.525802,73.877608,2026-08-14 21:45:02,ATM-PN-0049,0.16,4.88,False,NORMAL
TXN100893,44796.79,18.510677,73.844241,18.51301,73.853167,2026-08-14 22:56:46,ATM-PN-0029,0.98,29.29,False,NORMAL
TXN100201,7059.1,18.527095,73.862348,18.526492,73.867438,2026-08-14 22:57:59,ATM-PN-0012,0.54,16.22,False,NORMAL
TXN100083,41838.43,18.524763,73.861004,18.524942,73.859575,2026-08-14 23:05:25,ATM-PN-0034,0.15,4.56,False,NORMAL
TXN100195,41134.67,18.523297,73.852716,18.524135,73.85086,2026-08-15 00:19:59,ATM-PN-0005,0.22,6.5,False,NORMAL
TXN100759,23390.03,18.517118,73.853351,18.519738,73.85508,2026-08-15 00:49:34,ATM-PN-0017,0.34,10.31,False,NORMAL
TXN100566,37004.68,18.520102,73.864364,18.52192,73.858022,2026-08-15 01:40:08,ATM-PN-0014,0.7,20.96,False,NORMAL
TXN100851,26937.42,18.536252,73.831187,18.538261,73.834591,2026-08-15 01:55:09,ATM-PN-0005,0.42,12.68,False,NORMAL
TXN100015,43330.4,18.531037,73.85094,18.526835,73.843963,2026-08-15 03:17:58,ATM-PN-0029,0.87,26.14,False,NORMAL
TXN100059,48604.61,18.523654,73.864653,18.523601,73.863663,2026-08-15 03:27:03,ATM-PN-0006,0.1,3.14,False,NORMAL
TXN100856,41688.15,18.49618,73.845517,18.497208,73.84573,2026-08-15 04:11:18,ATM-PN-0043,0.12,3.49,False,NORMAL
TXN100558,3225.66,18.518626,73.876051,19.13787,75.381028,2026-08-15 05:26:05,ATM-PN-0023,172.71,5181.29,True,CRITICAL
TXN100501,5967.97,18.502471,73.853514,18.499711,73.849955,2026-08-15 05:52:18,ATM-PN-0034,0.48,14.54,False,NORMAL
TXN100293,30899.67,18.526741,73.857788,18.523567,73.863722,2026-08-15 06:15:44,ATM-PN-0009,0.72,21.55,False,NORMAL
TXN100252,10669.56,18.524517,73.878263,18.532654,73.869771,2026-08-15 07:37:55,ATM-PN-0039,1.27,38.19,False,NORMAL
TXN100397,45838.66,18.507342,73.838302,18.503365,73.847078,2026-08-15 08:02:56,ATM-PN-0008,1.03,30.77,False,NORMAL
TXN100207,30358.96,18.505293,73.855639,17.640521,76.636351,2026-08-15 09:31:31,ATM-PN-0045,309.27,9278.06,True,CRITICAL
TXN100644,34828.42,18.520339,73.848328,18.518652,73.8566,2026-08-15 10:09:18,ATM-PN-0050,0.89,26.76,False,NORMAL
TXN100310,19381.54,18.528951,73.846506,18.525342,73.850508,2026-08-15 10:19:09,ATM-PN-0012,0.58,17.47,False,NORMAL
TXN100553,8415.03,18.534211,73.85928,18.524167,73.850282,2026-08-15 10:58:17,ATM-PN-0036,1.47,43.96,False,NORMAL
TXN100953,44389.22,18.530972,73.874469,18.524353,73.872991,2026-08-15 11:01:54,ATM-PN-0038,0.75,22.57,False,NORMAL
TXN100160,7917.69,18.517927,73.855654,18.511796,73.852476,2026-08-15 11:12:43,ATM-PN-0021,0.76,22.79,False,NORMAL
TXN100839,9875.1,18.520814,73.868882,18.520168,73.86856,2026-08-15 11:41:35,ATM-PN-0031,0.08,2.38,False,NORMAL
TXN100734,20413.9,18.508154,73.87742,18.510406,73.884739,2026-08-15 12:13:39,ATM-PN-0040,0.81,24.34,False,NORMAL
TXN100162,36302.36,18.512035,73.857165,18.514222,73.850993,2026-08-15 12:51:56,ATM-PN-0026,0.69,20.84,False,NORMAL
TXN100730,38362.74,18.525536,73.840617,18.520997,73.840534,2026-08-15 13:25:48,ATM-PN-0022,0.5,15.14,False,NORMAL
TXN100669,40535.4,18.500548,73.850824,21.723949,72.635893,2026-08-15 15:10:12,ATM-PN-0005,380.21,11406.15,True,CRITICAL
TXN100216,25273.06,18.503318,73.851842,18.494457,73.846028,2026-08-15 15:20:32,ATM-PN-0023,1.16,34.81,False,NORMAL
TXN100743,12184.04,18.502585,73.839251,18.50883,73.829258,2026-08-15 15:42:03,ATM-PN-0037,1.26,37.86,False,NORMAL
TXN100973,46230.45,18.499736,73.86417,18.49705,73.862705,2026-08-15 16:11:49,ATM-PN-0005,0.34,10.09,False,NORMAL
TXN100707,38280.58,18.519326,73.832601,18.519717,73.831719,2026-08-15 16:21:05,ATM-PN-0034,0.1,3.08,False,NORMAL
TXN100519,33844.94,18.512058,73.875005,18.517446,73.883166,2026-08-15 16:29:32,ATM-PN-0026,1.05,31.46,False,NORMAL
TXN100330,32544.89,18.532155,73.850798,18.532257,73.850731,2026-08-15 16:50:31,ATM-PN-0039,0.01,0.4,False,NORMAL
TXN100074,27938.66,18.515984,73.849678,18.509319,73.851356,2026-08-15 17:27:19,ATM-PN-0048,0.76,22.86,False,NORMAL
TXN100508,5653.07,18.520087,73.830672,18.511572,73.835101,2026-08-15 17:29:32,ATM-PN-0012,1.06,31.67,False,NORMAL
TXN100003,27229.09,18.495893,73.870693,18.495135,73.876373,2026-08-15 17:32:58,ATM-PN-0029,0.6,18.15,False,NORMAL
TXN100703,4347.9,18.525754,73.861863,18.527735,73.852242,2026-08-15 18:15:09,ATM-PN-0050,1.04,31.14,False,NORMAL
TXN100297,29653.03,18.530652,73.852882,18.532432,73.86394,2026-08-15 19:05:30,ATM-PN-0012,1.18,35.48,False,NORMAL
TXN100099,9522.76,18.511708,73.841924,18.498574,73.843804,2026-08-15 19:34:18,ATM-PN-0009,1.47,44.21,False,NORMAL
TXN100549,45231.94,18.515308,73.879714,18.510733,73.867538,2026-08-15 20:17:06,ATM-PN-0030,1.38,41.43,False,NORMAL
TXN100640,49118.54,18.525152,73.841227,19.371431,71.648425,2026-08-15 20:20:09,ATM-PN-0044,249.07,7472.17,True,CRITICAL
TXN100188,27019.04,18.534062,73.861228,18.534022,73.860993,2026-08-15 21:03:39,ATM-PN-0019,0.03,0.76,False,NORMAL
TXN100405,20058.11,18.523383,73.855236,18.513824,73.859399,2026-08-15 21:21:56,ATM-PN-0043,1.15,34.5,False,NORMAL
TXN100815,4696.52,18.531316,73.858704,18.541535,73.854719,2026-08-15 21:23:36,ATM-PN-0021,1.21,36.34,False,NORMAL
TXN100233,40629.78,18.528188,73.847467,18.529047,73.858484,2026-08-15 21:56:08,ATM-PN-0038,1.17,34.96,False,NORMAL
TXN100530,14978.53,18.524539,73.851816,18.52833,73.855036,2026-08-15 22:34:01,ATM-PN-0042,0.54,16.24,False,NORMAL
TXN100391,2511.39,18.533117,73.855207,18.540386,73.862348,2026-08-15 22:57:11,ATM-PN-0018,1.1,33.14,False,NORMAL
TXN100243,34585.3,18.526477,73.853956,18.530298,73.867002,2026-08-15 23:16:32,ATM-PN-0009,1.44,43.19,False,NORMAL
TXN100890,48435.02,18.510529,73.876093,18.517551,73.866099,2026-08-15 23:55:47,ATM-PN-0032,1.31,39.35,False,NORMAL
TXN100358,43769.95,18.502844,73.870877,18.9122,72.841172,2026-08-16 00:48:26,ATM-PN-0019,117.61,3528.41,True,CRITICAL
TXN100758,44274.9,18.5288,73.881897,18.539936,73.877648,2026-08-16 01:08:11,ATM-PN-0015,1.32,39.5,False,NORMAL
TXN100125,47296.55,18.5195,73.860085,18.521308,73.860713,2026-08-16 01:08:55,ATM-PN-0040,0.21,6.35,False,NORMAL
TXN100629,47025.6,18.523756,73.871791,18.516027,73.871,2026-08-16 02:08:51,ATM-PN-0032,0.86,25.9,False,NORMAL
TXN100927,36338.57,18.544443,73.869388,18.538642,73.859174,2026-08-16 02:17:45,ATM-PN-0003,1.26,37.66,False,NORMAL
TXN100801,17520.45,18.512134,73.879531,18.513517,73.883368,2026-08-16 02:23:19,ATM-PN-0015,0.43,12.98,False,NORMAL
TXN100450,25406.87,18.510299,73.864095,18.503917,73.861497,2026-08-16 05:00:11,ATM-PN-0022,0.76,22.82,False,NORMAL
TXN100651,37480.79,18.530966,73.86378,18.524123,73.867803,2026-08-16 06:46:31,ATM-PN-0021,0.87,26.13,False,NORMAL
TXN100720,24767.39,18.522255,73.847488,18.520824,73.845038,2026-08-16 09:13:56,ATM-PN-0017,0.3,9.1,False,NORMAL
TXN100548,22257.92,18.546517,73.859881,18.551317,73.872634,2026-08-16 10:12:36,ATM-PN-0020,1.45,43.39,False,NORMAL
TXN100619,10148.82,18.506652,73.861139,15.777311,72.066788,2026-08-16 11:20:02,ATM-PN-0022,358.4,10751.88,True,CRITICAL
TXN100307,2956.95,18.516477,73.844037,18.516774,73.848037,2026-08-16 12:02:38,ATM-PN-0037,0.42,12.69,False,NORMAL
TXN100433,30930.03,18.499408,73.859249,18.498121,73.859456,2026-08-16 12:34:03,ATM-PN-0003,0.14,4.34,False,NORMAL
TXN100367,8267.9,18.530936,73.846995,18.530478,73.846386,2026-08-16 13:25:48,ATM-PN-0031,0.08,2.46,False,NORMAL
TXN100102,22266.96,18.52043,73.853097,18.515652,73.856757,2026-08-16 14:20:46,ATM-PN-0025,0.66,19.7,False,NORMAL
TXN100138,38861.13,18.52499,73.859499,18.517099,73.864752,2026-08-16 15:06:01,ATM-PN-0031,1.04,31.13,False,NORMAL
TXN100355,15119.88,18.519723,73.86172,18.076493,72.309852,2026-08-16 15:47:36,ATM-PN-0003,171.09,5132.59,True,CRITICAL
TXN100344,38179.07,18.510384,73.845251,18.510375,73.845317,2026-08-16 16:21:18,ATM-PN-0011,0.01,0.21,False,NORMAL
TXN100042,10999.24,18.528414,73.855506,18.537754,73.861904,2026-08-16 16:25:08,ATM-PN-0041,1.24,37.15,False,NORMAL
TXN100857,42037.72,18.522747,73.872057,18.516592,73.877653,2026-08-16 16:27:30,ATM-PN-0045,0.9,27.11,False,NORMAL
TXN100836,31426.14,18.525225,73.843712,21.231016,75.637515,2026-08-16 16:33:54,ATM-PN-0040,354.54,10636.22,True,CRITICAL
TXN100097,1303.99,18.506045,73.863371,18.505741,73.877347,2026-08-16 16:50:15,ATM-PN-0005,1.47,44.22,False,NORMAL
TXN100174,19134.78,18.505366,73.839853,18.508695,73.844636,2026-08-16 17:02:36,ATM-PN-0049,0.63,18.77,False,NORMAL
TXN100326,41263.56,18.524051,73.87842,18.522622,73.888349,2026-08-16 17:12:39,ATM-PN-0033,1.06,31.77,False,NORMAL
TXN100264,37168.61,18.528366,73.856143,18.535187,73.862511,2026-08-16 17:12:50,ATM-PN-0001,1.01,30.39,False,NORMAL
TXN100436,41940.93,18.491108,73.865592,18.50021,73.859319,2026-08-16 17:31:14,ATM-PN-0037,1.21,36.27,False,NORMAL
TXN100311,37735.64,18.520018,73.873731,18.523378,73.875177,2026-08-16 17:41:36,ATM-PN-0043,0.4,12.11,False,NORMAL
TXN100865,2651.5,18.500287,73.869859,18.493629,73.869095,2026-08-16 17:42:51,ATM-PN-0047,0.74,22.34,False,NORMAL
TXN100406,15101.43,18.520822,73.855342,18.527122,73.846133,2026-08-16 19:04:52,ATM-PN-0041,1.2,35.92,False,NORMAL
TXN100130,14346.17,18.530114,73.874325,18.53073,73.867168,2026-08-16 19:06:13,ATM-PN-0040,0.76,22.73,False,NORMAL
TXN100069,47932.06,18.520668,73.859814,16.533817,76.702334,2026-08-16 19:16:54,ATM-PN-0042,373.68,11210.44,True,CRITICAL
TXN100944,8063.54,18.520434,73.848981,18.510143,73.841587,2026-08-16 19:22:23,ATM-PN-0047,1.38,41.54,False,NORMAL
TXN100987,42992.32,18.519344,73.849459,18.519648,73.848042,2026-08-16 19:30:31,ATM-PN-0025,0.15,4.6,False,NORMAL
TXN100087,26609.26,18.521185,73.855511,18.518379,73.858226,2026-08-16 20:10:14,ATM-PN-0011,0.42,12.7,False,NORMAL
TXN100701,30083.61,18.493825,73.862328,18.502321,73.854891,2026-08-16 20:56:00,ATM-PN-0049,1.23,36.83,False,NORMAL
TXN100897,4368.87,18.524536,73.868407,18.518045,73.866341,2026-08-16 22:13:59,ATM-PN-0018,0.75,22.62,False,NORMAL
TXN100078,19634.93,18.534882,73.868119,16.721688,73.13912,2026-08-16 22:44:31,ATM-PN-0017,215.91,6477.33,True,CRITICAL
TXN100694,23321.68,18.519313,73.84629,18.524086,73.852876,2026-08-16 22:53:55,ATM-PN-0045,0.87,26.22,False,NORMAL
TXN100756,38276.55,18.526358,73.860963,18.532715,73.848879,2026-08-16 23:52:13,ATM-PN-0039,1.46,43.71,False,NORMAL
TXN100559,2927.05,18.524159,73.850476,18.527698,73.848436,2026-08-17 00:48:03,ATM-PN-0027,0.45,13.45,False,NORMAL
TXN100879,10462.43,18.499513,73.848611,18.491137,73.837858,2026-08-17 01:25:11,ATM-PN-0005,1.47,44.02,False,NORMAL
TXN100349,9827.09,18.522426,73.858366,18.514706,73.868303,2026-08-17 01:32:19,ATM-PN-0026,1.35,40.63,False,NORMAL
TXN100597,45103.25,18.511007,73.842028,21.827564,75.288441,2026-08-17 02:13:21,ATM-PN-0004,398.48,11954.37,True,CRITICAL
TXN100969,41701.53,18.531874,73.833671,18.537621,73.837363,2026-08-17 02:47:35,ATM-PN-0036,0.75,22.45,False,NORMAL
TXN100784,21988.24,18.508676,73.847443,18.500404,73.839862,2026-08-17 03:49:33,ATM-PN-0028,1.22,36.56,False,NORMAL
TXN100554,43506.52,18.514045,73.842456,18.51928,73.850063,2026-08-17 04:09:33,ATM-PN-0012,0.99,29.73,False,NORMAL
TXN100002,29954.68,18.525502,73.863827,18.525715,73.863007,2026-08-17 04:39:44,ATM-PN-0037,0.09,2.69,False,NORMAL
TXN100983,17201.8,18.534385,73.850505,18.521595,73.846314,2026-08-17 06:04:53,ATM-PN-0044,1.49,44.68,False,NORMAL
TXN100724,19873.55,18.508257,73.840235,18.496722,73.839724,2026-08-17 06:06:22,ATM-PN-0032,1.28,38.51,False,NORMAL
TXN100769,2686.03,18.533626,73.874573,19.534394,74.827067,2026-08-17 06:22:31,ATM-PN-0009,149.69,4490.73,True,CRITICAL
TXN100362,5633.8,18.532184,73.877337,18.539595,73.865734,2026-08-17 06:35:08,ATM-PN-0038,1.47,44.25,False,NORMAL
TXN100550,34957.65,18.503928,73.86825,18.513659,73.864025,2026-08-17 07:19:16,ATM-PN-0009,1.17,35.1,False,NORMAL
TXN100031,22320.75,18.534437,73.837327,18.531277,73.845915,2026-08-17 07:58:24,ATM-PN-0038,0.97,29.14,False,NORMAL
TXN100062,14520.7,18.508211,73.859036,18.50682,73.859728,2026-08-17 08:05:33,ATM-PN-0044,0.17,5.13,False,NORMAL
TXN100904,33112.98,18.51823,73.865158,18.508259,73.865171,2026-08-17 08:18:21,ATM-PN-0023,1.11,33.26,False,NORMAL
TXN100026,47289.16,18.533926,73.84972,18.540531,73.853208,2026-08-17 08:20:44,ATM-PN-0038,0.82,24.64,False,NORMAL
TXN100627,13320.31,18.514633,73.85323,18.513293,73.853773,2026-08-17 08:25:20,ATM-PN-0003,0.16,4.79,False,NORMAL
TXN100208,24804.86,18.526792,73.860176,18.525457,73.856269,2026-08-17 08:40:46,ATM-PN-0037,0.44,13.14,False,NORMAL
TXN100241,29107.72,18.514857,73.861355,18.508993,73.871411,2026-08-17 08:45:31,ATM-PN-0037,1.24,37.34,False,NORMAL
TXN100423,27445.33,18.520143,73.843504,18.519201,73.855361,2026-08-17 08:49:33,ATM-PN-0012,1.25,37.64,False,NORMAL
TXN100705,29586.35,18.520103,73.857925,18.518761,73.856872,2026-08-17 09:12:17,ATM-PN-0013,0.19,5.58,False,NORMAL
TXN100425,25340.93,18.504202,73.869128,18.499034,73.864944,2026-08-17 09:26:03,ATM-PN-0009,0.72,21.73,False,NORMAL
TXN100722,43087.85,18.513027,73.867644,18.51261,73.867481,2026-08-17 10:03:20,ATM-PN-0020,0.05,1.48,False,NORMAL
TXN100350,6596.52,18.522625,73.866319,18.522329,73.86631,2026-08-17 12:29:59,ATM-PN-0046,0.03,0.99,False,NORMAL
TXN100853,35533.83,18.532283,73.840249,18.540796,73.839094,2026-08-17 13:37:14,ATM-PN-0018,0.95,28.63,False,NORMAL
TXN100989,12627.55,18.514454,73.857675,18.514109,73.855589,2026-08-17 13:45:40,ATM-PN-0008,0.22,6.7,False,NORMAL
TXN100773,49446.52,18.5169,73.856981,16.219773,74.789476,2026-08-17 13:56:50,ATM-PN-0036,273.93,8217.79,True,CRITICAL
TXN100497,28551.74,18.521035,73.856022,18.513715,73.856503,2026-08-17 14:51:54,ATM-PN-0035,0.82,24.47,False,NORMAL
TXN100794,10856.86,18.524771,73.857116,18.533068,73.846404,2026-08-17 15:30:33,ATM-PN-0042,1.46,43.75,False,NORMAL
TXN100332,29432.11,18.497511,73.864847,18.492493,73.859647,2026-08-17 16:15:51,ATM-PN-0001,0.78,23.47,False,NORMAL
TXN100266,36154.25,18.527376,73.852004,18.523616,73.854307,2026-08-17 16:34:09,ATM-PN-0018,0.48,14.5,False,NORMAL
TXN100557,30205.05,18.516972,73.882637,18.521839,73.885434,2026-08-17 17:07:38,ATM-PN-0016,0.62,18.49,False,NORMAL
TXN100483,34849.27,18.520036,73.859083,18.511847,73.85164,2026-08-17 18:30:31,ATM-PN-0018,1.2,36.06,False,NORMAL
TXN100947,20734.99,18.542023,73.851992,18.53466,73.847178,2026-08-17 19:48:29,ATM-PN-0003,0.96,28.9,False,NORMAL
TXN100852,21882.14,18.514678,73.862838,18.513294,73.870633,2026-08-17 19:53:47,ATM-PN-0040,0.84,25.09,False,NORMAL
TXN100920,12904.98,18.500163,73.863196,19.971608,74.238542,2026-08-17 20:01:41,ATM-PN-0046,168.3,5048.87,True,CRITICAL
TXN100873,23478.35,18.508069,73.858037,18.499995,73.860603,2026-08-17 20:29:08,ATM-PN-0028,0.94,28.13,False,NORMAL
TXN100057,33911.35,18.517938,73.863027,18.510455,73.855455,2026-08-17 21:23:29,ATM-PN-0036,1.15,34.59,False,NORMAL
TXN100849,23500.28,18.503092,73.849367,18.509196,73.849407,2026-08-17 23:34:18,ATM-PN-0040,0.68,20.36,False,NORMAL
TXN100967,47103.14,18.515934,73.850589,18.5203,73.848735,2026-08-18 00:16:24,ATM-PN-0031,0.52,15.7,False,NORMAL
TXN100788,13115.58,18.517357,73.857334,18.517193,73.865433,2026-08-18 00:35:37,ATM-PN-0006,0.85,25.62,False,NORMAL
TXN100050,22958.91,18.51317,73.855522,18.499976,73.852818,2026-08-18 01:48:26,ATM-PN-0039,1.49,44.84,False,NORMAL
TXN100133,49535.48,18.508516,73.852957,18.512845,73.860406,2026-08-18 02:10:56,ATM-PN-0048,0.92,27.64,False,NORMAL
TXN100740,2331.68,18.519606,73.848889,18.51605,73.843932,2026-08-18 03:02:21,ATM-PN-0011,0.66,19.66,False,NORMAL
TXN100469,25767.0,18.516036,73.842745,18.514287,73.846358,2026-08-18 04:41:35,ATM-PN-0050,0.43,12.83,False,NORMAL
TXN100776,44424.7,18.510889,73.852086,18.506287,73.842272,2026-08-18 05:22:55,ATM-PN-0002,1.15,34.63,False,NORMAL
TXN100272,7547.49,18.514953,73.869629,22.388323,73.158285,2026-08-18 05:55:10,ATM-PN-0018,437.03,13110.78,True,CRITICAL
TXN100826,5708.73,18.530857,73.84345,18.530457,73.838084,2026-08-18 06:40:17,ATM-PN-0034,0.57,17.02,False,NORMAL
TXN100143,47753.14,18.521292,73.866512,18.526809,73.853813,2026-08-18 07:56:36,ATM-PN-0010,1.47,44.18,False,NORMAL
TXN100990,34743.85,18.519854,73.855349,18.513602,73.861912,2026-08-18 08:04:21,ATM-PN-0043,0.98,29.43,False,NORMAL
TXN100588,30419.79,18.516519,73.857638,18.516779,73.85522,2026-08-18 08:08:20,ATM-PN-0009,0.26,7.7,False,NORMAL
TXN100341,23874.87,18.529334,73.865232,18.52364,73.859546,2026-08-18 09:01:53,ATM-PN-0013,0.87,26.16,False,NORMAL
TXN100314,49146.36,18.526602,73.84762,16.247087,72.688806,2026-08-18 09:45:06,ATM-PN-0010,281.72,8451.58,True,CRITICAL
TXN100463,9404.52,18.519321,73.875268,17.853958,77.600797,2026-08-18 10:07:50,ATM-PN-0009,400.45,12013.51,True,CRITICAL
TXN100478,28417.23,18.510627,73.82958,18.505022,73.822803,2026-08-18 10:51:43,ATM-PN-0034,0.95,28.45,False,NORMAL
TXN100671,15011.89,18.521127,73.845931,18.516224,73.840609,2026-08-18 11:35:57,ATM-PN-0044,0.78,23.47,False,NORMAL
TXN100780,30313.43,18.528586,73.830807,18.518973,73.827712,2026-08-18 12:23:50,ATM-PN-0006,1.12,33.53,False,NORMAL
TXN100336,20527.65,18.525679,73.86372,18.52901,73.861394,2026-08-18 12:41:16,ATM-PN-0048,0.44,13.33,False,NORMAL
TXN100813,37783.71,18.514389,73.865016,18.514632,73.873982,2026-08-18 14:13:26,ATM-PN-0034,0.95,28.37,False,NORMAL
TXN100482,32476.54,18.518643,73.874403,18.517905,73.870928,2026-08-18 14:16:11,ATM-PN-0025,0.38,11.26,False,NORMAL
TXN100877,7708.42,18.500978,73.860153,18.493353,73.858027,2026-08-18 14:31:18,ATM-PN-0031,0.88,26.31,False,NORMAL
TXN100416,4232.3,18.53479,73.88066,18.545412,73.886498,2026-08-18 15:48:11,ATM-PN-0002,1.33,39.96,False,NORMAL
TXN100829,24732.28,18.515499,73.870104,18.520897,73.867471,2026-08-18 16:01:25,ATM-PN-0027,0.66,19.84,False,NORMAL
TXN100744,12964.5,18.540753,73.843776,18.552418,73.838132,2026-08-18 16:59:09,ATM-PN-0006,1.43,42.81,False,NORMAL
TXN100757,34529.61,18.522456,73.838262,18.521789,73.848716,2026-08-18 17:28:18,ATM-PN-0021,1.1,33.14,False,NORMAL
TXN100159,26644.57,18.51701,73.829572,18.506506,73.827782,2026-08-18 18:30:35,ATM-PN-0024,1.18,35.49,False,NORMAL
TXN100870,4733.97,18.525002,73.824294,18.517569,73.820052,2026-08-18 18:37:25,ATM-PN-0004,0.94,28.19,False,NORMAL
TXN100386,22903.43,18.526075,73.865429,18.52146,73.871412,2026-08-18 19:22:37,ATM-PN-0040,0.81,24.4,False,NORMAL
TXN100465,49780.31,18.524674,73.85431,18.522288,73.854316,2026-08-18 20:34:21,ATM-PN-0041,0.27,7.96,False,NORMAL
TXN100502,9985.02,18.541201,73.869831,18.541532,73.870109,2026-08-18 21:53:41,ATM-PN-0003,0.05,1.41,False,NORMAL
TXN100955,8835.74,18.517756,73.877752,18.527194,73.878154,2026-08-18 22:16:48,ATM-PN-0032,1.05,31.51,False,NORMAL
TXN100658,2689.1,18.533101,73.849273,18.522547,73.855597,2026-08-18 22:36:59,ATM-PN-0031,1.35,40.49,False,NORMAL
TXN100181,16351.55,18.52897,73.84563,18.529683,73.835361,2026-08-18 23:24:20,ATM-PN-0014,1.09,32.57,False,NORMAL
TXN100662,35343.15,18.53099,73.872942,18.522758,73.864059,2026-08-18 23:41:11,ATM-PN-0001,1.31,39.29,False,NORMAL
TXN100278,7842.03,18.50805,73.87435,18.509854,73.871947,2026-08-19 01:36:21,ATM-PN-0046,0.32,9.7,False,NORMAL
TXN100442,39411.02,18.527507,73.857734,18.526154,73.857659,2026-08-19 01:41:26,ATM-PN-0036,0.15,4.52,False,NORMAL
TXN100461,29259.91,18.510423,73.826269,18.739438,74.785694,2026-08-19 01:58:05,ATM-PN-0021,104.25,3127.62,True,CRITICAL
TXN100309,15763.49,18.525327,73.859184,19.169491,72.842702,2026-08-19 02:16:50,ATM-PN-0026,128.73,3862.02,True,CRITICAL
TXN100926,17187.27,18.504493,73.876693,18.510179,73.876289,2026-08-19 02:40:08,ATM-PN-0013,0.63,19.01,False,NORMAL
TXN100091,32673.05,18.530093,73.857096,18.536778,73.845859,2026-08-19 02:51:22,ATM-PN-0010,1.4,41.96,False,NORMAL
TXN100085,48494.64,18.540478,73.848333,18.539543,73.843235,2026-08-19 03:45:33,ATM-PN-0040,0.55,16.42,False,NORMAL
TXN100762,21849.78,18.524833,73.862463,18.517391,73.869644,2026-08-19 03:52:12,ATM-PN-0014,1.12,33.65,False,NORMAL
TXN100316,16327.6,18.520337,73.852938,18.518684,73.851753,2026-08-19 04:36:11,ATM-PN-0047,0.22,6.67,False,NORMAL
TXN100306,48732.72,18.508755,73.84891,18.508402,73.849576,2026-08-19 04:49:39,ATM-PN-0027,0.08,2.41,False,NORMAL
TXN100538,8323.37,18.499182,73.859162,18.491039,73.855457,2026-08-19 05:54:32,ATM-PN-0005,0.99,29.58,False,NORMAL
TXN100561,41103.1,18.50751,73.872803,18.510999,73.870041,2026-08-19 08:43:07,ATM-PN-0049,0.49,14.55,False,NORMAL
TXN100914,44109.21,18.534573,73.836835,18.532222,73.847047,2026-08-19 10:17:23,ATM-PN-0030,1.11,33.24,False,NORMAL
TXN100488,10013.52,18.542235,73.848981,18.541288,73.849171,2026-08-19 11:40:39,ATM-PN-0017,0.11,3.22,False,NORMAL
TXN100702,34865.09,18.532616,73.87822,18.533722,73.879443,2026-08-19 11:44:31,ATM-PN-0045,0.18,5.35,False,NORMAL
TXN100888,19220.68,18.543321,73.866068,18.54717,73.876646,2026-08-19 11:45:42,ATM-PN-0024,1.19,35.83,False,NORMAL
TXN100928,27314.28,18.526434,73.862937,18.527115,73.865541,2026-08-19 12:52:16,ATM-PN-0028,0.28,8.54,False,NORMAL
TXN100154,16518.28,18.497772,73.85372,18.499356,73.855755,2026-08-19 13:53:57,ATM-PN-0016,0.28,8.33,False,NORMAL
TXN100081,26556.47,18.531547,73.830291,18.527606,73.820616,2026-08-19 14:02:48,ATM-PN-0042,1.11,33.31,False,NORMAL
TXN100715,42279.46,18.535037,73.84469,18.535864,73.84739,2026-08-19 14:53:56,ATM-PN-0026,0.3,8.97,False,NORMAL
TXN100467,13358.57,18.522565,73.859198,18.522521,73.857827,2026-08-19 16:15:38,ATM-PN-0024,0.14,4.34,False,NORMAL
TXN100624,45217.88,18.537109,73.848671,18.53376,73.850416,2026-08-19 17:01:58,ATM-PN-0050,0.42,12.46,False,NORMAL
TXN100621,5051.09,18.517342,73.859726,18.519922,73.860134,2026-08-19 17:37:24,ATM-PN-0039,0.29,8.7,False,NORMAL
TXN100422,2475.28,18.497005,73.859425,18.50613,73.850564,2026-08-19 18:40:58,ATM-PN-0042,1.38,41.38,False,NORMAL
TXN100917,35053.18,18.523141,73.849861,18.526552,73.847773,2026-08-19 20:28:44,ATM-PN-0047,0.44,13.16,False,NORMAL
TXN100460,38907.25,18.516103,73.865469,18.519104,73.861664,2026-08-19 20:56:27,ATM-PN-0030,0.52,15.65,False,NORMAL
TXN100204,3631.72,18.530088,73.873736,18.526023,73.873921,2026-08-19 21:12:25,ATM-PN-0028,0.45,13.57,False,NORMAL
TXN100753,41101.94,18.497416,73.858246,18.504346,73.851098,2026-08-19 21:37:47,ATM-PN-0011,1.08,32.34,False,NORMAL
TXN100573,9775.26,18.505024,73.87624,18.503258,73.874782,2026-08-19 21:44:05,ATM-PN-0008,0.25,7.48,False,NORMAL
TXN100430,24342.59,18.530701,73.846801,18.522636,73.848345,2026-08-19 22:02:51,ATM-PN-0015,0.91,27.34,False,NORMAL
TXN100403,19780.34,18.535722,73.845445,18.533507,73.850715,2026-08-19 23:15:14,ATM-PN-0008,0.61,18.23,False,NORMAL
TXN100999,7422.82,18.533867,73.853656,18.529993,73.852767,2026-08-19 23:33:02,ATM-PN-0032,0.44,13.23,False,NORMAL
TXN100913,12718.59,18.515692,73.872333,18.506881,73.865139,2026-08-20 00:33:44,ATM-PN-0022,1.24,37.17,False,NORMAL
TXN100365,47810.19,18.520437,73.851458,18.522028,73.861636,2026-08-20 00:51:05,ATM-PN-0022,1.09,32.63,False,NORMAL
TXN100499,36816.06,18.520853,73.846555,18.510375,73.846141,2026-08-20 02:45:09,ATM-PN-0002,1.17,34.98,False,NORMAL
TXN100560,28327.77,18.53324,73.878452,18.524741,73.874076,2026-08-20 03:31:14,ATM-PN-0030,1.05,31.55,False,NORMAL
TXN100602,22992.52,18.531592,73.831018,15.79065,71.00312,2026-08-20 03:50:57,ATM-PN-0028,427.94,12838.32,True,CRITICAL
TXN100712,49255.64,18.522681,73.838237,18.520132,73.840008,2026-08-20 04:09:37,ATM-PN-0028,0.34,10.18,False,NORMAL
TXN100034,33978.02,18.532017,73.835345,18.533573,73.845968,2026-08-20 04:23:27,ATM-PN-0044,1.13,34.0,False,NORMAL
TXN100625,49799.95,18.518241,73.885937,18.517596,73.886509,2026-08-20 05:26:47,ATM-PN-0017,0.09,2.81,False,NORMAL
TXN100191,42981.85,18.534822,73.853748,16.502316,70.752669,2026-08-20 06:07:41,ATM-PN-0049,398.99,11969.63,True,CRITICAL
TXN100231,36089.52,18.515915,73.859292,18.526654,73.862322,2026-08-20 07:32:46,ATM-PN-0035,1.24,37.08,False,NORMAL
TXN100985,42565.58,18.502241,73.870563,19.428473,71.161462,2026-08-20 08:12:48,ATM-PN-0046,302.92,9087.75,True,CRITICAL
TXN100131,46977.95,18.526995,73.875599,18.521291,73.885199,2026-08-20 08:33:47,ATM-PN-0049,1.19,35.83,False,NORMAL
TXN100030,37901.08,18.52441,73.886114,18.5244,73.888824,2026-08-20 08:39:02,ATM-PN-0050,0.29,8.57,False,NORMAL
TXN100721,44066.22,18.530592,73.842875,18.540898,73.84224,2026-08-20 08:45:12,ATM-PN-0008,1.15,34.44,False,NORMAL
TXN100798,2332.35,18.506398,73.860685,18.516278,73.860622,2026-08-20 09:10:52,ATM-PN-0026,1.1,32.96,False,NORMAL
TXN100682,3224.16,18.517041,73.868159,18.522079,73.871648,2026-08-20 09:47:35,ATM-PN-0042,0.67,20.11,False,NORMAL
TXN100353,13863.87,18.51721,73.858274,18.512538,73.850234,2026-08-20 11:42:52,ATM-PN-0039,0.99,29.83,False,NORMAL
TXN100750,45534.56,18.524876,73.846278,18.516017,73.85416,2026-08-20 12:44:11,ATM-PN-0026,1.29,38.66,False,NORMAL
TXN100040,34668.89,18.501326,73.830572,17.783877,77.832033,2026-08-20 12:58:02,ATM-PN-0014,430.27,12908.12,True,CRITICAL
TXN100998,47288.81,18.518354,73.86021,18.51184,73.863817,2026-08-20 14:19:42,ATM-PN-0001,0.82,24.54,False,NORMAL
TXN100441,36921.23,18.510187,73.855391,18.508903,73.850674,2026-08-20 14:59:04,ATM-PN-0043,0.52,15.52,False,NORMAL
TXN100676,33484.62,18.516998,73.83066,17.27056,70.328073,2026-08-20 16:45:06,ATM-PN-0010,395.68,11870.51,True,CRITICAL
TXN100911,43587.23,18.512227,73.86304,18.515524,73.875439,2026-08-20 17:38:02,ATM-PN-0020,1.36,40.73,False,NORMAL
TXN100328,14610.93,18.512257,73.869292,18.508464,73.859397,2026-08-20 18:51:17,ATM-PN-0025,1.13,33.76,False,NORMAL
TXN100415,30528.07,18.496213,73.865691,18.499565,73.872713,2026-08-20 19:36:41,ATM-PN-0018,0.83,24.87,False,NORMAL
TXN100635,40683.02,18.511032,73.855169,18.517622,73.853613,2026-08-20 19:57:48,ATM-PN-0002,0.75,22.53,False,NORMAL
TXN100426,30300.0,18.520999,73.873937,18.522115,73.875726,2026-08-20 21:20:41,ATM-PN-0008,0.23,6.77,False,NORMAL
TXN100587,16575.67,18.517273,73.861399,18.520135,73.857787,2026-08-20 22:03:31,ATM-PN-0032,0.5,14.89,False,NORMAL
TXN100754,22936.46,18.498998,73.853907,18.498155,73.84235,2026-08-20 22:07:08,ATM-PN-0002,1.22,36.67,False,NORMAL
TXN100393,39600.46,18.494893,73.836356,18.491293,73.847755,2026-08-21 00:17:43,ATM-PN-0036,1.27,38.01,False,NORMAL
TXN100223,16013.5,18.523137,73.865604,20.911619,73.317755,2026-08-21 01:00:59,ATM-PN-0025,271.71,8151.21,True,CRITICAL
TXN100719,31350.01,18.532396,73.858036,18.530958,73.862442,2026-08-21 01:37:51,ATM-PN-0049,0.49,14.74,False,NORMAL
TXN100067,4862.43,18.514824,73.852084,21.600825,72.056801,2026-08-21 02:09:01,ATM-PN-0007,391.03,11730.79,True,CRITICAL
TXN100389,11664.65,18.521585,73.853752,18.510693,73.858046,2026-08-21 05:06:28,ATM-PN-0041,1.29,38.79,False,NORMAL
TXN100039,37242.32,18.516628,73.851446,18.505459,73.858006,2026-08-21 06:28:16,ATM-PN-0010,1.42,42.65,False,NORMAL
TXN100778,787.37,18.515768,73.856464,15.268613,71.554178,2026-08-21 08:41:12,ATM-PN-0003,436.29,13088.83,True,CRITICAL
TXN100051,43341.87,18.522929,73.843987,18.51168,73.840022,2026-08-21 09:33:55,ATM-PN-0028,1.32,39.57,False,NORMAL
TXN100939,3698.54,18.515851,73.875134,17.501489,72.739096,2026-08-21 09:44:00,ATM-PN-0032,164.78,4943.5,True,CRITICAL
TXN100107,3828.05,18.536957,73.850191,18.547264,73.852606,2026-08-21 09:59:11,ATM-PN-0050,1.17,35.22,False,NORMAL
TXN100688,827.63,18.496783,73.850941,18.491111,73.856864,2026-08-21 10:12:34,ATM-PN-0041,0.89,26.63,False,NORMAL
TXN100158,27107.13,18.515629,73.855237,18.508331,73.856664,2026-08-21 11:07:59,ATM-PN-0043,0.83,24.76,False,NORMAL
TXN100457,24886.91,18.51155,73.880503,18.51257,73.880196,2026-08-21 12:34:43,ATM-PN-0001,0.12,3.54,False,NORMAL
TXN100387,39323.21,18.518481,73.823805,18.726422,76.631762,2026-08-21 13:04:47,ATM-PN-0045,296.78,8903.47,True,CRITICAL
TXN100064,6894.69,18.524144,73.836797,18.51805,73.839789,2026-08-21 13:17:25,ATM-PN-0035,0.75,22.42,False,NORMAL
TXN100652,44622.57,18.525354,73.863041,18.527078,73.868633,2026-08-21 18:01:26,ATM-PN-0005,0.62,18.6,False,NORMAL
TXN100746,43213.55,18.525663,73.883817,18.522551,73.885947,2026-08-21 18:10:11,ATM-PN-0004,0.41,12.38,False,NORMAL
TXN100379,30645.19,18.516482,73.859415,18.506093,73.865558,2026-08-21 18:23:52,ATM-PN-0045,1.32,39.73,False,NORMAL
TXN100331,14131.24,18.529084,73.877192,18.526652,73.867363,2026-08-21 18:45:36,ATM-PN-0025,1.07,32.13,False,NORMAL
TXN100066,14831.0,18.528822,73.864137,18.525342,73.859692,2026-08-21 19:31:19,ATM-PN-0026,0.61,18.23,False,NORMAL
TXN100679,37055.5,18.508201,73.857102,18.512527,73.857225,2026-08-21 19:58:34,ATM-PN-0033,0.48,14.44,False,NORMAL
TXN100183,27756.81,18.51517,73.87825,18.587533,76.722008,2026-08-21 23:17:47,ATM-PN-0044,299.89,8996.58,True,CRITICAL
TXN100148,28919.6,18.523892,73.853,18.534274,73.859897,2026-08-21 23:52:16,ATM-PN-0035,1.36,40.93,False,NORMAL
TXN100664,3213.18,18.530642,73.845484,18.529578,73.83298,2026-08-22 01:29:39,ATM-PN-0044,1.32,39.71,False,NORMAL
TXN100047,47298.07,18.493486,73.859246,18.492013,73.859209,2026-08-22 05:15:16,ATM-PN-0003,0.16,4.92,False,NORMAL
TXN100261,8764.67,18.521674,73.872531,18.519742,73.86156,2026-08-22 05:45:56,ATM-PN-0009,1.18,35.3,False,NORMAL
TXN100711,6228.27,18.514739,73.850485,18.51448,73.850996,2026-08-22 05:47:04,ATM-PN-0019,0.06,1.83,False,NORMAL
TXN100620,20856.81,18.541516,73.856074,18.54162,73.856124,2026-08-22 05:55:04,ATM-PN-0034,0.01,0.38,False,NORMAL
TXN100626,9332.89,18.51406,73.88404,18.504406,73.875585,2026-08-22 05:56:38,ATM-PN-0032,1.4,41.86,False,NORMAL
TXN100474,27647.47,18.538191,73.867285,18.538815,73.866657,2026-08-22 05:57:58,ATM-PN-0002,0.1,2.88,False,NORMAL
TXN100077,20734.09,18.51197,73.865508,18.510936,73.870708,2026-08-22 06:19:39,ATM-PN-0022,0.56,16.81,False,NORMAL
TXN100037,41280.84,18.525263,73.853518,18.528021,73.854738,2026-08-22 06:52:38,ATM-PN-0045,0.33,9.98,False,NORMAL
TXN100061,22434.09,18.532415,73.843852,18.533001,73.844199,2026-08-22 07:06:32,ATM-PN-0028,0.07,2.24,False,NORMAL
TXN100823,18046.43,18.540895,73.855391,18.537376,73.851585,2026-08-22 07:24:09,ATM-PN-0004,0.56,16.81,False,NORMAL
TXN100584,15965.81,18.519171,73.848977,18.512133,73.842324,2026-08-22 07:24:21,ATM-PN-0013,1.05,31.53,False,NORMAL
TXN100121,38464.47,18.542092,73.860536,18.537556,73.853851,2026-08-22 08:50:55,ATM-PN-0027,0.87,26.0,False,NORMAL
TXN100409,8467.24,18.53438,73.846255,18.525678,73.84553,2026-08-22 09:55:24,ATM-PN-0015,0.97,29.12,False,NORMAL
TXN100567,1059.21,18.540135,73.859956,18.535217,73.853882,2026-08-22 10:29:54,ATM-PN-0013,0.84,25.26,False,NORMAL
TXN100977,39929.98,18.524955,73.852622,18.522835,73.847924,2026-08-22 11:08:24,ATM-PN-0034,0.55,16.46,False,NORMAL
TXN100516,15369.47,18.517027,73.849299,18.506892,73.842013,2026-08-22 11:35:50,ATM-PN-0047,1.36,40.92,False,NORMAL
TXN100120,46234.52,18.505321,73.847367,18.498944,73.858322,2026-08-22 12:30:59,ATM-PN-0003,1.36,40.66,False,NORMAL
TXN100447,49842.45,18.523456,73.862818,18.523458,73.862821,2026-08-22 13:00:54,ATM-PN-0050,0.0,0.01,False,NORMAL
TXN100601,4690.84,18.515854,73.857474,20.789546,73.709908,2026-08-22 17:16:53,ATM-PN-0042,253.3,7598.85,True,CRITICAL
TXN100580,22335.22,18.527993,73.853974,18.526419,73.85755,2026-08-22 18:00:12,ATM-PN-0008,0.42,12.47,False,NORMAL
TXN100589,15454.85,18.514047,73.869012,18.520829,73.872428,2026-08-22 18:35:50,ATM-PN-0030,0.84,25.07,False,NORMAL
TXN100263,25230.7,18.524593,73.857481,18.520668,73.862476,2026-08-22 19:06:15,ATM-PN-0037,0.68,20.52,False,NORMAL
TXN100609,23921.45,18.520271,73.849185,18.527329,73.852209,2026-08-22 23:17:48,ATM-PN-0011,0.85,25.41,False,NORMAL
TXN100094,5987.47,18.517564,73.86471,15.236221,74.820433,2026-08-23 01:10:28,ATM-PN-0032,378.77,11363.14,True,CRITICAL
TXN100312,3518.7,18.512871,73.858251,18.514311,73.868924,2026-08-23 01:21:14,ATM-PN-0025,1.14,34.1,False,NORMAL
TXN100665,32584.55,18.526357,73.860789,18.525988,73.861222,2026-08-23 02:21:57,ATM-PN-0046,0.06,1.84,False,NORMAL
TXN100421,18787.04,18.501246,73.862214,18.507329,73.864887,2026-08-23 04:28:35,ATM-PN-0003,0.73,21.98,False,NORMAL
TXN100182,46770.53,18.51272,73.867397,18.512587,73.869472,2026-08-23 05:05:22,ATM-PN-0038,0.22,6.58,False,NORMAL
TXN100106,18483.9,18.524615,73.881819,18.523956,73.881006,2026-08-23 05:33:55,ATM-PN-0048,0.11,3.38,False,NORMAL
TXN100518,19433.1,18.519119,73.877509,18.519146,73.877349,2026-08-23 05:51:33,ATM-PN-0020,0.02,0.51,False,NORMAL
TXN100428,2439.95,18.542352,73.859856,18.540857,73.858187,2026-08-23 05:53:20,ATM-PN-0037,0.24,7.26,False,NORMAL
TXN100921,12493.53,18.502141,73.880513,17.437348,73.527901,2026-08-23 06:47:26,ATM-PN-0029,124.13,3724.04,True,CRITICAL
TXN100805,18259.94,18.540914,73.853449,18.548438,73.853412,2026-08-23 07:05:16,ATM-PN-0017,0.84,25.1,False,NORMAL
TXN100258,38279.59,18.527194,73.863295,18.523414,73.860888,2026-08-23 07:28:32,ATM-PN-0042,0.49,14.73,False,NORMAL
TXN100086,23716.27,18.516377,73.847674,18.517883,73.84356,2026-08-23 07:37:15,ATM-PN-0013,0.46,13.95,False,NORMAL
TXN100468,48174.27,18.536481,73.850372,18.537582,73.849093,2026-08-23 09:03:37,ATM-PN-0013,0.18,5.46,False,NORMAL
TXN100878,3337.22,18.519121,73.864219,18.51567,73.856696,2026-08-23 09:11:11,ATM-PN-0033,0.88,26.43,False,NORMAL
TXN100230,25784.9,18.512494,73.859947,15.177079,73.963555,2026-08-23 09:19:04,ATM-PN-0037,371.05,11131.37,True,CRITICAL
TXN100294,35382.47,18.529343,73.859805,18.529825,73.860485,2026-08-23 10:39:45,ATM-PN-0010,0.09,2.69,False,NORMAL
TXN100930,20849.29,18.515363,73.849589,18.515809,73.849176,2026-08-23 11:07:41,ATM-PN-0050,0.07,1.98,False,NORMAL
TXN100603,42416.79,18.507465,73.864663,18.500256,73.86061,2026-08-23 11:17:35,ATM-PN-0016,0.91,27.25,False,NORMAL
TXN100742,45078.46,18.54012,73.862538,18.545579,73.856184,2026-08-23 11:23:29,ATM-PN-0027,0.9,27.12,False,NORMAL
TXN100479,15739.48,18.495362,73.853851,18.497959,73.855578,2026-08-23 13:20:30,ATM-PN-0027,0.34,10.24,False,NORMAL
TXN100395,15031.93,18.510683,73.863308,18.506312,73.871561,2026-08-23 13:41:38,ATM-PN-0049,1.0,29.9,False,NORMAL
TXN100254,16165.4,18.516676,73.851024,18.516571,73.851156,2026-08-23 13:44:12,ATM-PN-0025,0.02,0.54,False,NORMAL
TXN100731,4228.4,18.521628,73.870012,18.530102,73.868545,2026-08-23 13:45:11,ATM-PN-0035,0.95,28.65,False,NORMAL
TXN100218,34989.78,18.510447,73.859373,18.504492,73.861943,2026-08-23 14:29:21,ATM-PN-0021,0.72,21.46,False,NORMAL
TXN100572,48495.86,18.526046,73.865252,18.518775,73.875321,2026-08-23 15:07:03,ATM-PN-0018,1.33,40.03,False,NORMAL
TXN100959,1968.5,18.519086,73.854736,18.520635,73.855434,2026-08-23 15:34:24,ATM-PN-0016,0.19,5.62,False,NORMAL
TXN100912,25372.51,18.514071,73.842039,18.503249,73.835046,2026-08-23 15:59:24,ATM-PN-0044,1.41,42.34,False,NORMAL
TXN100466,20220.89,18.515642,73.849311,18.508725,73.845999,2026-08-23 16:02:32,ATM-PN-0045,0.84,25.34,False,NORMAL
TXN100845,24902.48,18.525483,73.848347,18.516768,73.842831,2026-08-23 16:11:14,ATM-PN-0049,1.13,33.91,False,NORMAL
TXN100225,18978.65,18.497109,73.848534,18.499501,73.850813,2026-08-23 19:11:55,ATM-PN-0010,0.36,10.75,False,NORMAL
TXN100918,37892.14,18.54116,73.838851,18.540048,73.84012,2026-08-23 19:49:52,ATM-PN-0033,0.18,5.47,False,NORMAL
TXN100404,4093.18,18.511495,73.838997,18.509091,73.831046,2026-08-23 19:54:38,ATM-PN-0033,0.88,26.4,False,NORMAL
TXN100400,21498.37,18.534641,73.85686,18.541552,73.848587,2026-08-23 20:35:16,ATM-PN-0007,1.16,34.87,False,NORMAL
TXN100935,15182.43,18.514787,73.843005,18.514216,73.843611,2026-08-23 21:41:53,ATM-PN-0010,0.09,2.7,False,NORMAL
TXN100513,25807.94,18.524612,73.859767,18.53432,73.854063,2026-08-23 23:05:19,ATM-PN-0037,1.24,37.07,False,NORMAL
TXN100571,34070.78,18.53315,73.847614,18.526686,73.844667,2026-08-23 23:35:10,ATM-PN-0036,0.78,23.49,False,NORMAL
TXN100984,46191.66,18.516163,73.869322,18.514179,73.879466,2026-08-23 23:40:22,ATM-PN-0045,1.09,32.76,False,NORMAL
TXN100970,12546.12,18.502053,73.860154,18.495748,73.858417,2026-08-24 00:18:40,ATM-PN-0011,0.72,21.74,False,NORMAL
TXN100576,46220.02,18.497016,73.865733,18.499495,73.872361,2026-08-24 00:38:31,ATM-PN-0047,0.75,22.54,False,NORMAL
TXN100818,45060.32,18.531137,73.848762,18.533301,73.844419,2026-08-24 01:06:28,ATM-PN-0040,0.52,15.52,False,NORMAL
TXN100590,17365.35,18.505789,73.860861,18.495982,73.870116,2026-08-24 04:25:30,ATM-PN-0045,1.46,43.9,False,NORMAL
TXN100302,44147.65,18.535531,73.864832,18.533603,73.866051,2026-08-24 04:39:44,ATM-PN-0023,0.25,7.5,False,NORMAL
TXN100022,48927.72,18.52056,73.880543,18.523151,73.882287,2026-08-24 05:00:21,ATM-PN-0049,0.34,10.25,False,NORMAL
TXN100684,47198.41,18.53746,73.871259,18.534068,73.868481,2026-08-24 05:38:02,ATM-PN-0043,0.48,14.33,False,NORMAL
TXN100579,1612.77,18.515011,73.883323,18.514722,73.872408,2026-08-24 05:43:57,ATM-PN-0049,1.15,34.54,False,NORMAL
TXN100473,12956.53,18.50792,73.860002,18.508083,73.861776,2026-08-24 06:05:07,ATM-PN-0048,0.19,5.64,False,NORMAL
TXN100628,32196.6,18.516496,73.856593,18.523687,73.866875,2026-08-24 07:23:19,ATM-PN-0003,1.35,40.41,False,NORMAL
TXN100239,622.42,18.512203,73.877686,16.69315,77.512381,2026-08-24 07:45:27,ATM-PN-0050,435.09,13052.55,True,CRITICAL
TXN100010,35063.38,18.519713,73.83832,18.508113,73.843332,2026-08-24 07:48:16,ATM-PN-0008,1.39,41.82,False,NORMAL
TXN100117,41653.84,18.512475,73.853752,18.517071,73.848473,2026-08-24 08:04:55,ATM-PN-0034,0.76,22.67,False,NORMAL
TXN100029,41725.53,18.52746,73.855306,18.527087,73.842334,2026-08-24 08:36:41,ATM-PN-0019,1.37,41.05,False,NORMAL
TXN100267,26030.82,18.499795,73.845465,18.499914,73.846205,2026-08-24 09:04:09,ATM-PN-0003,0.08,2.37,False,NORMAL
TXN100177,43744.21,18.519804,73.855896,18.512538,73.850111,2026-08-24 09:13:17,ATM-PN-0013,1.01,30.37,False,NORMAL
TXN100361,40095.01,18.515202,73.8688,18.518283,73.864367,2026-08-24 09:43:53,ATM-PN-0042,0.58,17.39,False,NORMAL
TXN100224,35446.42,18.508056,73.844914,18.511309,73.836813,2026-08-24 09:44:05,ATM-PN-0020,0.93,27.83,False,NORMAL
TXN100860,49221.05,18.544583,73.858528,18.552765,73.858915,2026-08-24 11:33:10,ATM-PN-0041,0.91,27.32,False,NORMAL
TXN100523,33751.5,18.523278,73.866363,18.533839,73.873392,2026-08-24 11:33:40,ATM-PN-0028,1.39,41.66,False,NORMAL
TXN100751,43041.13,18.544704,73.84255,18.541703,73.85286,2026-08-24 11:58:40,ATM-PN-0011,1.14,34.11,False,NORMAL
TXN100542,23703.79,18.526691,73.857032,18.52772,73.855459,2026-08-24 13:25:08,ATM-PN-0042,0.2,6.04,False,NORMAL
TXN100371,32902.5,18.520559,73.827005,18.509442,73.822163,2026-08-24 14:31:16,ATM-PN-0030,1.34,40.12,False,NORMAL
TXN100678,15427.21,18.517856,73.859943,18.521664,73.866505,2026-08-24 15:19:35,ATM-PN-0002,0.81,24.33,False,NORMAL
TXN100104,33215.5,18.511586,73.853148,18.515389,73.855355,2026-08-24 15:23:29,ATM-PN-0020,0.48,14.48,False,NORMAL
TXN100614,29098.99,18.501186,73.864778,18.506058,73.873757,2026-08-24 15:36:00,ATM-PN-0023,1.09,32.73,False,NORMAL
TXN100828,28168.94,18.529964,73.866493,18.522473,73.872027,2026-08-24 15:51:10,ATM-PN-0050,1.02,30.51,False,NORMAL
TXN100383,28746.59,18.517905,73.845239,18.513181,73.845857,2026-08-24 16:58:04,ATM-PN-0043,0.53,15.88,False,NORMAL
TXN100485,48500.95,18.502329,73.86083,19.605148,75.507787,2026-08-24 17:05:09,ATM-PN-0002,212.13,6363.95,True,CRITICAL
TXN100222,43662.98,18.528068,73.86935,18.528747,73.869882,2026-08-24 18:26:27,ATM-PN-0012,0.09,2.82,False,NORMAL
TXN100458,49275.39,18.500064,73.851132,18.491686,73.851558,2026-08-24 18:43:40,ATM-PN-0037,0.93,27.98,False,NORMAL
TXN100887,31348.59,18.513571,73.869313,18.51573,73.862158,2026-08-24 19:34:47,ATM-PN-0028,0.79,23.75,False,NORMAL
TXN100687,10785.3,18.502285,73.875984,18.509088,73.880292,2026-08-24 21:19:16,ATM-PN-0031,0.88,26.47,False,NORMAL
TXN100440,28099.35,18.501613,73.851955,18.499007,73.851021,2026-08-24 22:32:00,ATM-PN-0012,0.31,9.18,False,NORMAL
TXN100134,24007.18,18.496901,73.843066,18.490792,73.840378,2026-08-24 22:46:05,ATM-PN-0002,0.74,22.08,False,NORMAL
TXN100691,32863.74,18.523402,73.856031,15.044433,74.495404,2026-08-24 23:36:33,ATM-PN-0019,392.78,11783.54,True,CRITICAL
TXN100699,41655.1,18.522714,73.861055,18.513542,73.852696,2026-08-24 23:42:39,ATM-PN-0034,1.35,40.44,False,NORMAL
TXN100598,21869.92,18.527183,73.862605,18.530924,73.863388,2026-08-25 00:00:56,ATM-PN-0038,0.42,12.72,False,NORMAL
TXN100907,24001.49,18.511653,73.865909,18.511002,73.866503,2026-08-25 00:04:22,ATM-PN-0022,0.1,2.87,False,NORMAL
TXN100452,29547.91,18.528927,73.839039,18.522914,73.840636,2026-08-25 00:16:25,ATM-PN-0002,0.69,20.68,False,NORMAL
TXN100443,41251.15,18.513408,73.840974,18.516287,73.832436,2026-08-25 00:39:56,ATM-PN-0031,0.96,28.66,False,NORMAL
TXN100883,27957.23,18.519604,73.863312,18.519521,73.863422,2026-08-25 02:15:21,ATM-PN-0010,0.01,0.44,False,NORMAL
TXN100184,36772.23,18.520437,73.842534,18.510744,73.845102,2026-08-25 02:39:12,ATM-PN-0023,1.11,33.34,False,NORMAL
TXN100948,38677.88,18.543823,73.884185,21.73101,72.955363,2026-08-25 02:40:20,ATM-PN-0049,367.42,11022.63,True,CRITICAL
TXN100334,47633.3,18.512549,73.870802,18.510468,73.867523,2026-08-25 02:45:07,ATM-PN-0042,0.42,12.48,False,NORMAL
TXN100874,16745.59,18.505812,73.838386,18.49567,73.841561,2026-08-25 03:52:51,ATM-PN-0013,1.18,35.29,False,NORMAL
TXN100555,9444.45,18.539772,73.860742,18.536639,73.874034,2026-08-25 04:43:07,ATM-PN-0009,1.44,43.32,False,NORMAL
TXN100797,31705.29,18.52774,73.86793,18.528427,73.867966,2026-08-25 05:24:48,ATM-PN-0046,0.08,2.29,False,NORMAL
TXN100490,19761.59,18.534341,73.887504,18.536664,73.896675,2026-08-25 06:56:52,ATM-PN-0020,1.0,30.02,False,NORMAL
TXN100369,4856.98,18.516118,73.871228,18.510737,73.868424,2026-08-25 07:00:20,ATM-PN-0032,0.67,20.02,False,NORMAL
TXN100941,9233.56,18.523572,73.866258,18.523883,73.876538,2026-08-25 07:14:42,ATM-PN-0016,1.08,32.53,False,NORMAL
TXN100491,24320.86,18.533927,73.87219,18.539272,73.877628,2026-08-25 07:23:00,ATM-PN-0020,0.83,24.77,False,NORMAL
TXN100903,22214.7,18.521429,73.865165,18.510365,73.871803,2026-08-25 07:27:52,ATM-PN-0036,1.42,42.46,False,NORMAL
TXN100539,38389.03,18.534245,73.852683,18.532539,73.840276,2026-08-25 07:51:55,ATM-PN-0027,1.32,39.65,False,NORMAL
TXN100825,17841.69,18.490311,73.839297,18.484364,73.835004,2026-08-25 08:02:14,ATM-PN-0019,0.8,24.04,False,NORMAL
TXN100245,32946.52,18.531545,73.882456,18.532485,73.892375,2026-08-25 08:30:53,ATM-PN-0046,1.05,31.53,False,NORMAL
TXN100544,9265.37,18.543246,73.846718,18.544018,73.849492,2026-08-25 11:45:25,ATM-PN-0029,0.3,9.14,False,NORMAL
TXN100995,35830.58,18.498465,73.853659,18.492423,73.849906,2026-08-25 12:29:43,ATM-PN-0042,0.78,23.39,False,NORMAL
TXN100737,12398.51,18.548959,73.848917,18.546323,73.849585,2026-08-25 14:23:28,ATM-PN-0048,0.3,9.04,False,NORMAL
TXN100237,33973.61,18.522145,73.851701,18.522951,73.839924,2026-08-25 14:54:09,ATM-PN-0032,1.24,37.35,False,NORMAL
TXN100024,9165.93,18.509744,73.862228,18.513664,73.871021,2026-08-25 15:35:47,ATM-PN-0040,1.02,30.74,False,NORMAL
TXN100547,26175.78,18.501203,73.85,18.501776,73.849985,2026-08-25 16:35:57,ATM-PN-0026,0.06,1.91,False,NORMAL
TXN100846,1930.87,18.532339,73.854528,18.53919,73.85768,2026-08-25 17:06:17,ATM-PN-0041,0.83,24.93,False,NORMAL
TXN100824,12186.82,18.535843,73.847057,18.535806,73.84712,2026-08-25 17:07:02,ATM-PN-0048,0.01,0.23,False,NORMAL
TXN100706,17717.91,18.517889,73.86022,18.529964,73.855976,2026-08-25 17:27:08,ATM-PN-0011,1.42,42.46,False,NORMAL
TXN100186,31719.73,18.547679,73.869801,18.547735,73.86987,2026-08-25 18:14:58,ATM-PN-0005,0.01,0.29,False,NORMAL
TXN100063,10618.94,18.50511,73.856732,18.517633,73.861466,2026-08-25 20:29:28,ATM-PN-0014,1.48,44.38,False,NORMAL
TXN100136,3042.08,18.524644,73.872545,18.525743,73.880707,2026-08-25 20:51:23,ATM-PN-0031,0.87,26.08,False,NORMAL
TXN100755,10403.73,18.505859,73.840454,18.51452,73.840631,2026-08-25 20:52:53,ATM-PN-0020,0.96,28.9,False,NORMAL
TXN100854,34746.33,18.524029,73.856765,18.53209,73.857616,2026-08-25 21:12:53,ATM-PN-0042,0.9,27.02,False,NORMAL
TXN100623,9621.02,18.523199,73.840209,18.525114,73.841899,2026-08-25 21:59:35,ATM-PN-0019,0.28,8.33,False,NORMAL
TXN100924,32230.1,18.519338,73.853885,18.523599,73.842843,2026-08-25 22:08:26,ATM-PN-0046,1.26,37.71,False,NORMAL
TXN100265,46592.42,18.519007,73.856158,18.522047,73.860575,2026-08-25 22:21:11,ATM-PN-0003,0.58,17.26,False,NORMAL
TXN100512,15366.53,18.534583,73.853862,18.530287,73.867277,2026-08-25 22:49:41,ATM-PN-0015,1.49,44.78,False,NORMAL
TXN100532,26706.06,18.519054,73.854736,18.519059,73.855042,2026-08-26 00:02:47,ATM-PN-0022,0.03,0.97,False,NORMAL
TXN100974,28314.05,18.507371,73.862725,18.504136,73.858489,2026-08-26 00:25:29,ATM-PN-0028,0.57,17.21,False,NORMAL
TXN100315,6746.21,18.522097,73.853114,18.526815,73.840183,2026-08-26 00:56:06,ATM-PN-0028,1.46,43.82,False,NORMAL
TXN100319,44066.72,18.541652,73.871907,18.548797,73.863622,2026-08-26 02:10:16,ATM-PN-0027,1.18,35.42,False,NORMAL
TXN100095,30933.07,18.536677,73.863344,18.534926,73.864224,2026-08-26 02:49:52,ATM-PN-0016,0.22,6.47,False,NORMAL
TXN100044,30001.09,18.508355,73.856221,18.510871,73.84551,2026-08-26 03:29:55,ATM-PN-0018,1.16,34.91,False,NORMAL
TXN100689,9707.32,18.497929,73.86492,18.504585,73.873078,2026-08-26 03:51:54,ATM-PN-0025,1.13,34.04,False,NORMAL
TXN100414,34139.22,18.518217,73.842759,18.515843,73.845805,2026-08-26 04:31:19,ATM-PN-0022,0.42,12.47,False,NORMAL
TXN100963,23117.5,18.5071,73.87024,18.510707,73.87301,2026-08-26 05:51:20,ATM-PN-0045,0.5,14.88,False,NORMAL
TXN100616,22019.35,18.518209,73.886992,18.514724,73.88628,2026-08-26 06:08:51,ATM-PN-0019,0.39,11.84,False,NORMAL
TXN100934,31009.26,18.512057,73.847123,18.513514,73.861124,2026-08-26 06:28:17,ATM-PN-0008,1.49,44.55,False,NORMAL
TXN100076,2437.54,18.532449,73.843911,18.531757,73.842956,2026-08-26 06:48:07,ATM-PN-0046,0.13,3.8,False,NORMAL
TXN100242,41916.76,18.526511,73.824633,18.526075,73.824167,2026-08-26 07:13:50,ATM-PN-0002,0.07,2.07,False,NORMAL
TXN100527,27548.0,18.510933,73.882161,18.513305,73.892405,2026-08-26 09:28:11,ATM-PN-0049,1.11,33.36,False,NORMAL
TXN100534,47234.77,18.525535,73.861281,18.539023,73.860418,2026-08-26 09:34:42,ATM-PN-0018,1.5,45.08,False,NORMAL
TXN100708,5384.94,18.524576,73.860921,18.531734,73.859656,2026-08-26 09:39:16,ATM-PN-0014,0.81,24.21,False,NORMAL
TXN100698,46084.92,18.526043,73.865846,18.517087,73.871675,2026-08-26 09:50:49,ATM-PN-0011,1.17,35.11,False,NORMAL
TXN100489,22426.57,18.530953,73.835014,18.5314,73.831497,2026-08-26 09:58:49,ATM-PN-0048,0.37,11.22,False,NORMAL
TXN100650,39381.85,18.521526,73.833372,18.527137,73.845149,2026-08-26 10:02:01,ATM-PN-0032,1.39,41.69,False,NORMAL
TXN100575,2351.05,18.522516,73.84695,18.520852,73.848722,2026-08-26 11:04:16,ATM-PN-0013,0.26,7.89,False,NORMAL
TXN100226,34824.93,18.507451,73.864729,18.505797,73.862738,2026-08-26 12:21:11,ATM-PN-0042,0.28,8.37,False,NORMAL
TXN100605,49191.58,18.521264,73.862183,18.531094,73.861109,2026-08-26 12:46:44,ATM-PN-0050,1.1,32.97,False,NORMAL
TXN100123,17339.53,18.513276,73.865512,18.507799,73.866824,2026-08-26 13:32:51,ATM-PN-0010,0.62,18.74,False,NORMAL
TXN100876,3494.31,18.508172,73.862526,18.509129,73.859211,2026-08-26 14:18:09,ATM-PN-0020,0.37,10.96,False,NORMAL
TXN100795,38601.2,18.525371,73.85461,18.53161,73.858562,2026-08-26 15:07:01,ATM-PN-0010,0.81,24.28,False,NORMAL
TXN100848,18978.61,18.513043,73.860901,18.515737,73.86032,2026-08-26 15:43:03,ATM-PN-0011,0.31,9.17,False,NORMAL
TXN100910,8273.26,18.524373,73.861749,18.51453,73.868258,2026-08-26 15:49:54,ATM-PN-0008,1.29,38.76,False,NORMAL
TXN100631,20330.43,18.503123,73.857183,17.658944,71.907355,2026-08-26 16:10:37,ATM-PN-0041,226.47,6794.13,True,CRITICAL
TXN100901,43340.57,18.521428,73.833209,18.534181,73.828978,2026-08-26 16:24:11,ATM-PN-0015,1.49,44.6,False,NORMAL
TXN100411,24615.93,18.510923,73.853798,18.51072,73.852415,2026-08-26 16:37:25,ATM-PN-0022,0.15,4.43,False,NORMAL
TXN100972,7219.94,18.521937,73.878528,18.530616,73.887464,2026-08-26 18:24:21,ATM-PN-0035,1.35,40.46,False,NORMAL
TXN100215,37469.22,18.513224,73.885386,18.513458,73.886769,2026-08-26 18:55:53,ATM-PN-0036,0.15,4.44,False,NORMAL
TXN100217,36642.46,18.49593,73.858429,18.496497,73.857362,2026-08-26 19:17:00,ATM-PN-0023,0.13,3.87,False,NORMAL
TXN100494,46577.01,18.509708,73.869696,18.508801,73.868813,2026-08-26 19:31:54,ATM-PN-0049,0.14,4.12,False,NORMAL
TXN100747,48184.11,18.507578,73.874839,18.50523,73.869332,2026-08-26 19:37:06,ATM-PN-0010,0.64,19.1,False,NORMAL
TXN100646,17718.75,18.525119,73.856211,18.526842,73.847459,2026-08-26 19:58:07,ATM-PN-0001,0.94,28.27,False,NORMAL
TXN100546,32248.99,18.519547,73.832217,15.884745,73.189817,2026-08-26 21:15:56,ATM-PN-0046,300.82,9024.5,True,CRITICAL
TXN100509,45173.01,18.499753,73.854917,18.507163,73.851449,2026-08-26 21:48:14,ATM-PN-0036,0.9,27.04,False,NORMAL
TXN100171,16285.73,18.541183,73.869892,18.539905,73.858343,2026-08-26 21:58:26,ATM-PN-0039,1.23,36.77,False,NORMAL
TXN100735,9733.68,18.517425,73.840219,15.65179,73.531077,2026-08-26 22:55:07,ATM-PN-0032,320.33,9610.01,True,CRITICAL
TXN100282,40560.28,18.534832,73.848404,18.533207,73.846166,2026-08-26 23:43:43,ATM-PN-0006,0.3,8.92,False,NORMAL
TXN100585,7023.87,18.515951,73.838006,18.505974,73.840309,2026-08-26 23:57:06,ATM-PN-0045,1.14,34.07,False,NORMAL
TXN100802,23689.13,18.514149,73.846055,18.511647,73.834182,2026-08-27 00:49:29,ATM-PN-0019,1.28,38.47,False,NORMAL
TXN100796,23838.72,18.533951,73.859837,18.543202,73.857583,2026-08-27 01:58:20,ATM-PN-0029,1.06,31.67,False,NORMAL
TXN100256,14681.15,18.537933,73.857191,18.527658,73.865277,2026-08-27 05:03:11,ATM-PN-0046,1.43,42.77,False,NORMAL
TXN100971,46483.88,18.508725,73.838929,18.513896,73.847549,2026-08-27 06:22:57,ATM-PN-0025,1.08,32.27,False,NORMAL
TXN100697,5243.75,18.529398,73.84085,18.525899,73.831804,2026-08-27 07:32:43,ATM-PN-0038,1.03,30.9,False,NORMAL
TXN100768,24895.57,18.540403,73.872997,18.541573,73.875236,2026-08-27 08:21:44,ATM-PN-0022,0.27,8.09,False,NORMAL
TXN100997,13209.64,18.515335,73.868252,21.034984,75.503959,2026-08-27 08:31:43,ATM-PN-0049,328.31,9849.16,True,CRITICAL
TXN100552,6151.16,18.520333,73.841791,18.52726,73.848963,2026-08-27 08:49:35,ATM-PN-0029,1.08,32.38,False,NORMAL
TXN100949,46362.68,18.499256,73.851158,18.493768,73.843096,2026-08-27 08:57:36,ATM-PN-0048,1.05,31.39,False,NORMAL
TXN100209,10390.1,18.511265,73.873907,18.515755,73.871754,2026-08-27 09:46:43,ATM-PN-0035,0.55,16.45,False,NORMAL
TXN100255,38633.17,18.497903,73.843312,18.507791,73.840244,2026-08-27 10:02:34,ATM-PN-0002,1.15,34.38,False,NORMAL
TXN100599,24006.13,18.51344,73.869387,18.50959,73.862764,2026-08-27 10:02:38,ATM-PN-0013,0.82,24.57,False,NORMAL
TXN100166,19956.4,18.539539,73.836241,18.541141,73.836165,2026-08-27 10:26:59,ATM-PN-0009,0.18,5.35,False,NORMAL
TXN100269,48606.96,18.517361,73.859421,18.515143,73.861966,2026-08-27 11:14:35,ATM-PN-0050,0.36,10.93,False,NORMAL
TXN100717,7795.02,18.510351,73.875877,18.49704,73.874869,2026-08-27 12:16:00,ATM-PN-0030,1.48,44.52,False,NORMAL
TXN100595,34235.08,18.519059,73.863289,18.521674,73.87105,2026-08-27 13:03:30,ATM-PN-0021,0.87,26.05,False,NORMAL
TXN100357,5513.88,18.510538,73.836669,18.509394,73.829477,2026-08-27 13:24:39,ATM-PN-0017,0.77,23.07,False,NORMAL
TXN100732,47918.08,18.517452,73.861515,18.509743,73.853429,2026-08-27 13:27:52,ATM-PN-0046,1.21,36.27,False,NORMAL
TXN100155,28857.43,18.519834,73.86105,18.515964,73.858724,2026-08-27 13:29:48,ATM-PN-0017,0.5,14.86,False,NORMAL
TXN100993,21966.0,18.523187,73.855752,18.519163,73.85031,2026-08-27 14:42:08,ATM-PN-0037,0.73,21.83,False,NORMAL
TXN100685,17892.07,18.520985,73.870874,18.519897,73.876062,2026-08-27 15:21:22,ATM-PN-0029,0.56,16.81,False,NORMAL
TXN100736,30913.9,18.519447,73.856708,18.50705,73.853981,2026-08-27 16:04:41,ATM-PN-0050,1.41,42.24,False,NORMAL
TXN100790,13621.18,18.508331,73.882135,18.501879,73.875432,2026-08-27 16:08:42,ATM-PN-0012,1.01,30.21,False,NORMAL
TXN100908,2086.93,18.512432,73.866267,18.5111,73.865782,2026-08-27 17:07:55,ATM-PN-0045,0.16,4.7,False,NORMAL
TXN100806,21815.71,18.53152,73.860402,18.531918,73.860579,2026-08-27 17:09:22,ATM-PN-0040,0.05,1.44,False,NORMAL
TXN100111,44984.61,18.530255,73.855873,18.519249,73.85948,2026-08-27 19:13:03,ATM-PN-0029,1.28,38.45,False,NORMAL
TXN100882,40825.31,18.515336,73.843954,18.516083,73.837148,2026-08-27 19:32:35,ATM-PN-0048,0.72,21.67,False,NORMAL
TXN100714,34904.34,18.503854,73.863865,18.502582,73.864908,2026-08-27 20:08:19,ATM-PN-0007,0.18,5.38,False,NORMAL
TXN100517,21998.07,18.510528,73.868814,19.934121,72.455349,2026-08-27 20:13:16,ATM-PN-0008,216.98,6509.45,True,CRITICAL
TXN100919,4123.18,18.510807,73.880387,18.50416,73.882086,2026-08-27 21:29:35,ATM-PN-0045,0.76,22.82,False,NORMAL
TXN100966,16613.5,18.530226,73.831614,18.530445,73.831004,2026-08-28 00:52:46,ATM-PN-0029,0.07,2.06,False,NORMAL
TXN100940,29835.22,18.524669,73.863247,18.526983,73.864833,2026-08-28 01:00:59,ATM-PN-0014,0.31,9.21,False,NORMAL
TXN100093,21451.11,18.545855,73.86143,18.536008,73.85296,2026-08-28 01:52:35,ATM-PN-0050,1.41,42.39,False,NORMAL
TXN100880,29131.33,18.522063,73.847485,18.518108,73.854945,2026-08-28 03:19:20,ATM-PN-0022,0.9,27.03,False,NORMAL
TXN100139,33280.23,18.518666,73.832372,18.517394,73.835004,2026-08-28 03:27:18,ATM-PN-0034,0.31,9.34,False,NORMAL
TXN100283,28907.27,18.534978,73.834878,18.538048,73.840596,2026-08-28 06:05:35,ATM-PN-0047,0.69,20.78,False,NORMAL
TXN100541,11930.11,18.516313,73.854804,16.926269,73.103466,2026-08-28 08:20:21,ATM-PN-0015,193.89,5816.64,True,CRITICAL
TXN100016,9838.29,18.507421,73.867977,18.504739,73.873817,2026-08-28 09:00:41,ATM-PN-0045,0.68,20.53,False,NORMAL
TXN100356,4905.64,18.526772,73.84915,18.529931,73.849418,2026-08-28 09:04:27,ATM-PN-0008,0.35,10.57,False,NORMAL
TXN100325,9100.0,18.520647,73.851127,18.514211,73.848003,2026-08-28 09:37:42,ATM-PN-0013,0.79,23.63,False,NORMAL
TXN100681,2484.01,18.513101,73.841553,18.511597,73.841764,2026-08-28 09:43:01,ATM-PN-0044,0.17,5.06,False,NORMAL
TXN100464,42887.28,18.508706,73.823408,18.49849,73.819503,2026-08-28 11:04:13,ATM-PN-0013,1.21,36.25,False,NORMAL
TXN100144,24214.42,18.514899,73.870327,18.514657,73.876627,2026-08-28 11:42:00,ATM-PN-0013,0.66,19.94,False,NORMAL
TXN100141,11630.92,18.516288,73.844933,18.513176,73.843679,2026-08-28 11:43:19,ATM-PN-0020,0.37,11.11,False,NORMAL
TXN100986,10883.43,18.510908,73.851501,18.516115,73.847363,2026-08-28 11:47:14,ATM-PN-0048,0.72,21.75,False,NORMAL
TXN100287,25368.47,18.522617,73.828122,18.528205,73.824519,2026-08-28 11:53:35,ATM-PN-0025,0.73,21.85,False,NORMAL
TXN100980,28911.61,18.518301,73.853163,19.533649,72.333021,2026-08-28 12:22:24,ATM-PN-0041,195.66,5869.67,True,CRITICAL
TXN100968,7586.49,18.53622,73.826144,18.537563,73.830085,2026-08-28 13:06:31,ATM-PN-0034,0.44,13.25,False,NORMAL
TXN100427,29744.15,18.507295,73.868382,18.498249,73.869646,2026-08-28 13:43:50,ATM-PN-0042,1.01,30.44,False,NORMAL
TXN100110,11121.24,18.521481,73.861962,18.518499,73.851375,2026-08-28 13:52:16,ATM-PN-0040,1.16,34.93,False,NORMAL
TXN100493,34692.2,18.502054,73.848968,18.490624,73.842235,2026-08-28 15:47:27,ATM-PN-0045,1.46,43.67,False,NORMAL
TXN100445,32194.42,18.498705,73.850511,18.504163,73.838325,2026-08-28 16:04:51,ATM-PN-0029,1.42,42.63,False,NORMAL
TXN100206,40301.78,18.52714,73.859256,18.523871,73.85601,2026-08-28 19:15:55,ATM-PN-0022,0.5,14.98,False,NORMAL
TXN100931,8987.23,18.535601,73.854673,18.5435,73.843276,2026-08-28 19:46:41,ATM-PN-0007,1.49,44.65,False,NORMAL
TXN100498,3909.39,18.520577,73.844569,14.956081,72.503964,2026-08-28 20:46:30,ATM-PN-0010,421.27,12638.04,True,CRITICAL
TXN100727,4704.62,18.49761,73.872095,18.496404,73.875187,2026-08-28 22:08:39,ATM-PN-0045,0.35,10.58,False,NORMAL
TXN100185,3407.24,18.523365,73.849645,18.518759,73.843636,2026-08-28 23:14:58,ATM-PN-0003,0.81,24.44,False,NORMAL
TXN100526,1179.8,18.530919,73.853771,18.535927,73.842572,2026-08-28 23:41:40,ATM-PN-0045,1.31,39.16,False,NORMAL
TXN100938,49424.63,18.520581,73.853342,18.521217,73.852961,2026-08-29 00:15:20,ATM-PN-0044,0.08,2.44,False,NORMAL
TXN100902,36264.26,18.516114,73.849784,18.516622,73.838596,2026-08-29 00:52:00,ATM-PN-0030,1.18,35.43,False,NORMAL
TXN100454,33848.05,18.494759,73.853801,18.497557,73.855752,2026-08-29 01:58:51,ATM-PN-0022,0.37,11.19,False,NORMAL
TXN100551,44186.15,18.515454,73.866799,18.525065,73.859018,2026-08-29 03:35:17,ATM-PN-0006,1.35,40.42,False,NORMAL
TXN100693,48725.81,18.505961,73.871517,18.504595,73.868135,2026-08-29 04:06:32,ATM-PN-0008,0.39,11.63,False,NORMAL
TXN100822,41695.33,18.514503,73.849246,18.514105,73.85693,2026-08-29 05:04:16,ATM-PN-0020,0.81,24.34,False,NORMAL
TXN100305,24395.47,18.50822,73.855333,18.502154,73.84979,2026-08-29 05:18:57,ATM-PN-0002,0.89,26.78,False,NORMAL
TXN100771,47527.51,18.497495,73.857451,18.487552,73.858027,2026-08-29 07:28:34,ATM-PN-0036,1.11,33.22,False,NORMAL
TXN100175,3352.38,18.522494,73.870337,18.520596,73.870811,2026-08-29 11:00:52,ATM-PN-0027,0.22,6.51,False,NORMAL
TXN100338,9466.22,18.511428,73.829933,18.519536,73.821542,2026-08-29 12:29:26,ATM-PN-0007,1.26,37.9,False,NORMAL
TXN100124,18841.74,18.522973,73.842613,18.531949,73.852792,2026-08-29 12:41:34,ATM-PN-0036,1.47,43.97,False,NORMAL
TXN100151,26453.77,18.5097,73.859173,18.505825,73.85415,2026-08-29 14:08:12,ATM-PN-0009,0.68,20.48,False,NORMAL
TXN100749,32127.98,18.536823,73.856688,18.534263,73.859078,2026-08-29 14:47:55,ATM-PN-0045,0.38,11.4,False,NORMAL
TXN100284,14352.8,18.533763,73.864517,18.534879,73.867341,2026-08-29 15:02:12,ATM-PN-0010,0.32,9.68,False,NORMAL
TXN100535,34060.75,18.519378,73.864924,18.509598,73.863574,2026-08-29 15:02:36,ATM-PN-0041,1.1,32.9,False,NORMAL
TXN100168,38391.75,18.524036,73.871044,18.525839,73.869147,2026-08-29 16:52:39,ATM-PN-0003,0.28,8.5,False,NORMAL
TXN100677,10655.19,18.515645,73.855519,18.511575,73.860108,2026-08-29 16:55:23,ATM-PN-0046,0.66,19.88,False,NORMAL
TXN100607,39037.09,18.51624,73.862048,18.515844,73.862674,2026-08-29 18:31:44,ATM-PN-0031,0.08,2.38,False,NORMAL
TXN100782,36926.52,18.518724,73.855014,19.100115,72.011434,2026-08-29 18:32:32,ATM-PN-0020,204.53,6135.99,True,CRITICAL
TXN100073,18752.51,18.505164,73.84587,18.51123,73.84741,2026-08-29 18:32:53,ATM-PN-0019,0.69,20.81,False,NORMAL
TXN100764,4744.06,18.522846,73.888692,18.518106,73.882057,2026-08-29 20:33:24,ATM-PN-0031,0.88,26.28,False,NORMAL
TXN100429,32062.32,18.514127,73.859406,18.519504,73.858297,2026-08-29 20:57:59,ATM-PN-0047,0.61,18.28,False,NORMAL
TXN100045,1776.12,18.534651,73.877239,18.5334,73.87513,2026-08-29 20:58:51,ATM-PN-0001,0.26,7.87,False,NORMAL
TXN100236,49628.07,18.509788,73.831127,18.519052,73.825657,2026-08-29 21:02:53,ATM-PN-0042,1.18,35.42,False,NORMAL
TXN100129,2739.5,18.520463,73.858113,18.516405,73.86109,2026-08-29 21:50:44,ATM-PN-0004,0.55,16.49,False,NORMAL
TXN100323,32454.96,18.525815,73.852341,18.522661,73.854259,2026-08-29 22:37:10,ATM-PN-0013,0.4,12.15,False,NORMAL
TXN100696,8773.23,18.534485,73.863827,15.839897,71.83257,2026-08-29 23:14:48,ATM-PN-0021,369.22,11076.64,True,CRITICAL
TXN100591,33299.31,18.524728,73.836222,18.525368,73.843954,2026-08-29 23:18:08,ATM-PN-0005,0.82,24.55,False,NORMAL
TXN100455,47382.35,18.519667,73.859398,18.518222,73.872052,2026-08-29 23:34:19,ATM-PN-0044,1.34,40.32,False,NORMAL
TXN100996,9406.91,18.527423,73.84766,18.52544,73.846158,2026-08-29 23:43:18,ATM-PN-0036,0.27,8.14,False,NORMAL
TXN100101,18170.22,18.534195,73.860855,18.537877,73.870865,2026-08-30 00:11:02,ATM-PN-0050,1.13,33.96,False,NORMAL
TXN100211,13007.74,18.518145,73.848403,18.517532,73.850278,2026-08-30 00:28:59,ATM-PN-0010,0.21,6.27,False,NORMAL
TXN100179,34933.5,18.522376,73.85527,18.531131,73.849765,2026-08-30 00:33:19,ATM-PN-0046,1.13,34.0,False,NORMAL
TXN100150,43898.79,18.503013,73.872012,18.514636,73.865868,2026-08-30 00:39:07,ATM-PN-0001,1.45,43.37,False,NORMAL
TXN100633,44874.8,18.527925,73.873485,18.527064,73.870918,2026-08-30 00:41:55,ATM-PN-0041,0.29,8.61,False,NORMAL
TXN100881,11360.59,18.504472,73.865723,18.514765,73.868669,2026-08-30 01:21:14,ATM-PN-0001,1.19,35.58,False,NORMAL
TXN100562,26589.11,18.511177,73.854983,18.038773,77.07649,2026-08-30 01:33:10,ATM-PN-0034,344.17,10325.24,True,CRITICAL
TXN100249,31589.96,18.516565,73.855859,18.51554,73.849681,2026-08-30 02:03:38,ATM-PN-0010,0.66,19.84,False,NORMAL
TXN100276,22753.55,18.526476,73.853105,18.527636,73.854062,2026-08-30 03:55:59,ATM-PN-0021,0.16,4.91,False,NORMAL
TXN100933,45649.11,18.508117,73.828597,19.615057,73.958574,2026-08-30 04:23:50,ATM-PN-0029,123.84,3715.26,True,CRITICAL
TXN100574,25104.19,18.518121,73.838215,18.517755,73.838448,2026-08-30 04:25:04,ATM-PN-0016,0.05,1.43,False,NORMAL
TXN100335,30201.65,18.530721,73.859301,18.534237,73.848438,2026-08-30 05:07:29,ATM-PN-0043,1.21,36.31,False,NORMAL
TXN100862,42846.21,18.527616,73.866453,18.52919,73.865716,2026-08-30 06:41:28,ATM-PN-0034,0.19,5.74,False,NORMAL
TXN100021,43682.96,18.533618,73.841216,18.534191,73.83099,2026-08-30 07:07:58,ATM-PN-0003,1.08,32.4,False,NORMAL
TXN100007,33297.89,18.516135,73.86804,18.510575,73.868207,2026-08-30 07:37:41,ATM-PN-0026,0.62,18.55,False,NORMAL
TXN100377,27884.7,18.51436,73.848683,18.514355,73.848622,2026-08-30 07:53:19,ATM-PN-0028,0.01,0.19,False,NORMAL
TXN100592,5333.87,18.521339,73.841458,18.517665,73.849018,2026-08-30 08:31:12,ATM-PN-0029,0.9,26.87,False,NORMAL
TXN100543,38344.67,18.529325,73.851712,18.531883,73.852266,2026-08-30 10:32:49,ATM-PN-0001,0.29,8.71,False,NORMAL
TXN100480,23725.3,18.518081,73.863689,18.511707,73.873731,2026-08-30 10:37:23,ATM-PN-0001,1.27,38.22,False,NORMAL
TXN100945,16995.09,18.516358,73.862961,18.508817,73.863922,2026-08-30 12:07:02,ATM-PN-0046,0.84,25.34,False,NORMAL
TXN100172,20971.23,18.530619,73.835103,18.517417,73.833232,2026-08-30 12:47:51,ATM-PN-0018,1.48,44.44,False,NORMAL
TXN100922,15060.16,18.525651,73.860108,18.525848,73.86026,2026-08-30 13:08:20,ATM-PN-0035,0.03,0.81,False,NORMAL
TXN100246,899.1,18.520402,73.858931,16.131344,74.764826,2026-08-30 13:24:19,ATM-PN-0022,282.52,8475.51,True,CRITICAL
TXN100752,43389.01,18.504441,73.82921,18.509807,73.830433,2026-08-30 13:28:44,ATM-PN-0050,0.61,18.31,False,NORMAL
TXN100956,8946.4,18.514242,73.855686,18.513302,73.846411,2026-08-30 14:00:14,ATM-PN-0024,0.98,29.51,False,NORMAL
TXN100975,46891.93,18.524902,73.880001,18.454994,72.635623,2026-08-30 14:30:01,ATM-PN-0048,131.46,3943.67,True,CRITICAL
TXN100370,28077.99,18.526719,73.861466,18.525537,73.862232,2026-08-30 14:59:03,ATM-PN-0001,0.15,4.63,False,NORMAL
TXN100841,24827.92,18.499755,73.845071,18.496083,73.842651,2026-08-30 15:20:51,ATM-PN-0002,0.48,14.44,False,NORMAL
TXN100049,7842.52,18.523352,73.866675,18.518032,73.878198,2026-08-30 15:24:14,ATM-PN-0009,1.35,40.54,False,NORMAL
TXN100958,31528.45,18.520652,73.865434,18.510407,73.872406,2026-08-30 15:38:58,ATM-PN-0040,1.36,40.67,False,NORMAL
TXN100381,27902.29,18.489259,73.85238,18.488908,73.847923,2026-08-30 15:58:06,ATM-PN-0014,0.47,14.15,False,NORMAL
TXN100347,6882.07,18.518154,73.857787,16.793062,76.558458,2026-08-30 16:46:56,ATM-PN-0025,344.49,10334.62,True,CRITICAL
TXN100126,9896.79,18.534549,73.846031,18.532272,73.832941,2026-08-30 16:47:05,ATM-PN-0011,1.4,42.09,False,NORMAL
TXN100787,45906.45,18.512626,73.876271,18.505335,73.873719,2026-08-30 16:56:23,ATM-PN-0033,0.85,25.63,False,NORMAL
TXN100748,42152.91,18.525635,73.847623,18.515353,73.839123,2026-08-30 17:04:21,ATM-PN-0043,1.45,43.58,False,NORMAL
TXN100194,28393.74,18.49707,73.860778,18.507157,73.85298,2026-08-30 17:35:43,ATM-PN-0003,1.39,41.72,False,NORMAL
TXN100470,8794.99,18.534928,73.846807,18.540166,73.853916,2026-08-30 18:10:02,ATM-PN-0022,0.95,28.48,False,NORMAL
TXN100340,13397.68,18.516564,73.865329,18.511356,73.875126,2026-08-30 18:23:18,ATM-PN-0019,1.18,35.53,False,NORMAL
TXN100733,10882.09,18.54206,73.871504,18.531363,73.873272,2026-08-30 19:03:25,ATM-PN-0005,1.2,36.12,False,NORMAL
TXN100268,27878.02,18.542961,73.872441,18.537631,73.883091,2026-08-30 19:44:49,ATM-PN-0001,1.27,38.09,False,NORMAL
TXN100725,29727.94,18.509537,73.862009,20.175079,74.575659,2026-08-30 19:46:24,ATM-PN-0009,199.76,5992.86,True,CRITICAL
TXN100079,7500.7,18.515276,73.833371,18.511366,73.831011,2026-08-30 21:07:24,ATM-PN-0023,0.5,15.03,False,NORMAL
TXN100529,23515.56,18.520077,73.872251,18.518822,73.882089,2026-08-30 21:39:17,ATM-PN-0001,1.05,31.4,False,NORMAL
TXN100817,20399.14,18.515911,73.849757,18.51392,73.856861,2026-08-30 22:25:55,ATM-PN-0044,0.78,23.43,False,NORMAL
TXN100536,22733.87,18.499672,73.868839,18.496343,73.866103,2026-08-30 23:25:30,ATM-PN-0009,0.47,14.08,False,NORMAL
TXN100394,25504.45,18.522991,73.849692,19.869875,74.498341,2026-08-31 00:32:29,ATM-PN-0027,164.53,4935.85,True,CRITICAL
TXN100372,31178.02,18.503698,73.877713,18.49799,73.875323,2026-08-31 01:44:01,ATM-PN-0031,0.68,20.49,False,NORMAL
TXN100019,7635.69,18.533814,73.866987,18.54606,73.868237,2026-08-31 02:07:40,ATM-PN-0042,1.37,41.04,False,NORMAL
TXN100100,2574.34,18.519568,73.859113,18.519753,73.859706,2026-08-31 02:16:16,ATM-PN-0020,0.07,1.97,False,NORMAL
TXN100812,17395.34,18.49957,73.861809,18.500774,73.858551,2026-08-31 03:59:08,ATM-PN-0033,0.37,11.06,False,NORMAL
TXN100320,31103.1,18.5113,73.851395,18.509392,73.8528,2026-08-31 04:09:54,ATM-PN-0044,0.26,7.76,False,NORMAL
TXN100648,34419.57,18.520173,73.856679,18.520929,73.854036,2026-08-31 05:18:07,ATM-PN-0031,0.29,8.73,False,NORMAL
TXN100611,6021.7,18.516163,73.881834,18.52771,73.882923,2026-08-31 05:47:39,ATM-PN-0012,1.29,38.67,False,NORMAL
TXN100304,44452.6,18.541513,73.861638,18.540741,73.862889,2026-08-31 06:46:01,ATM-PN-0011,0.16,4.72,False,NORMAL
TXN100674,9000.99,18.529345,73.844047,18.529781,73.842223,2026-08-31 07:35:21,ATM-PN-0017,0.2,5.95,False,NORMAL
TXN100090,20124.47,18.528005,73.850161,18.517186,73.856919,2026-08-31 09:02:33,ATM-PN-0024,1.4,41.95,False,NORMAL
TXN100163,27287.59,18.529036,73.857754,18.52728,73.852007,2026-08-31 09:14:55,ATM-PN-0004,0.64,19.1,False,NORMAL
TXN100830,43231.95,18.533842,73.874022,18.533349,73.872253,2026-08-31 10:43:52,ATM-PN-0008,0.19,5.83,False,NORMAL
TXN100477,27652.99,18.521089,73.853218,18.531885,73.848279,2026-08-31 11:17:08,ATM-PN-0009,1.31,39.26,False,NORMAL
TXN100872,19382.05,18.514421,73.850017,18.512316,73.857672,2026-08-31 11:24:15,ATM-PN-0007,0.84,25.21,False,NORMAL
TXN100296,24616.4,18.51542,73.856098,17.055023,72.011802,2026-08-31 11:56:59,ATM-PN-0021,253.97,7619.04,True,CRITICAL
TXN100709,5812.56,18.533817,73.831327,18.532661,73.828988,2026-08-31 12:09:10,ATM-PN-0023,0.28,8.34,False,NORMAL
TXN100213,45762.86,18.528794,73.85065,18.51967,73.844214,2026-08-31 13:32:36,ATM-PN-0007,1.22,36.62,False,NORMAL
TXN100793,40329.72,18.521538,73.843282,18.515637,73.831048,2026-08-31 17:03:47,ATM-PN-0006,1.45,43.42,False,NORMAL
TXN100894,19018.31,18.503996,73.869798,18.511092,73.866588,2026-08-31 18:23:07,ATM-PN-0036,0.86,25.76,False,NORMAL
TXN100514,29316.71,18.534294,73.878784,18.533039,73.880246,2026-08-31 18:56:06,ATM-PN-0015,0.21,6.24,False,NORMAL
TXN100583,4762.92,18.534489,73.861371,18.533981,73.861851,2026-08-31 18:57:28,ATM-PN-0026,0.08,2.28,False,NORMAL
TXN100663,13854.57,18.537391,73.874603,18.536996,73.874812,2026-08-31 19:04:54,ATM-PN-0040,0.05,1.47,False,NORMAL
TXN100214,34034.86,18.507073,73.835683,18.507668,73.835618,2026-08-31 19:33:54,ATM-PN-0026,0.07,2.0,False,NORMAL
TXN100898,16797.44,18.541431,73.872171,18.542321,73.874867,2026-08-31 19:36:23,ATM-PN-0020,0.3,9.03,False,NORMAL
TXN100448,45999.28,18.516301,73.850401,18.516241,73.850191,2026-08-31 20:00:13,ATM-PN-0036,0.02,0.69,False,NORMAL
TXN100808,46368.29,18.518418,73.862268,18.51597,73.853083,2026-08-31 20:30:30,ATM-PN-0029,1.01,30.18,False,NORMAL
TXN100052,21624.82,18.51912,73.870381,20.348431,75.182992,2026-08-31 20:53:38,ATM-PN-0043,245.6,7367.94,True,CRITICAL
TXN100660,15141.63,18.514321,73.85412,18.522948,73.864145,2026-08-31 22:26:47,ATM-PN-0042,1.43,42.82,False,NORMAL
TXN100298,28855.32,18.520537,73.848484,18.52053,73.848459,2026-08-31 22:43:10,ATM-PN-0050,0.0,0.08,False,NORMAL
TXN100275,16243.86,18.520849,73.860591,18.235001,70.594184,2026-08-31 23:01:26,ATM-PN-0018,346.14,10384.24,True,CRITICAL
TXN100992,49373.79,18.527519,73.855692,18.524921,73.854028,2026-08-31 23:53:22,ATM-PN-0031,0.34,10.14,False,NORMAL
TXN100486,7958.84,18.523897,73.857379,18.524956,73.867682,2026-08-31 23:57:40,ATM-PN-0032,1.09,32.78,False,NORMAL
TXN100435,26725.92,18.51838,73.830593,18.5232,73.832016,2026-09-01 00:39:57,ATM-PN-0015,0.56,16.7,False,NORMAL
TXN100745,37544.52,18.521555,73.868149,18.515472,73.873459,2026-09-01 01:47:28,ATM-PN-0016,0.88,26.34,False,NORMAL
TXN100380,20930.9,18.525889,73.876504,18.529982,73.881301,2026-09-01 02:54:10,ATM-PN-0045,0.68,20.41,False,NORMAL
TXN100105,45624.56,18.516559,73.844798,18.515682,73.838493,2026-09-01 04:05:42,ATM-PN-0040,0.67,20.16,False,NORMAL
TXN100303,8551.5,18.535098,73.862525,18.531714,73.853961,2026-09-01 04:15:27,ATM-PN-0005,0.98,29.34,False,NORMAL
TXN100581,27355.17,18.525442,73.862914,20.658244,75.549025,2026-09-01 04:43:54,ATM-PN-0036,295.7,8870.94,True,CRITICAL
TXN100281,32411.91,18.543234,73.853001,18.539797,73.849127,2026-09-01 04:50:46,ATM-PN-0038,0.56,16.78,False,NORMAL
TXN100103,4589.27,18.519751,73.87048,18.518621,73.88178,2026-09-01 05:19:19,ATM-PN-0028,1.2,35.94,False,NORMAL
TXN100906,40057.72,18.536668,73.859763,18.524446,73.853876,2026-09-01 06:11:18,ATM-PN-0039,1.49,44.82,False,NORMAL
TXN100991,18682.49,18.518918,73.831557,18.516793,73.828338,2026-09-01 08:03:43,ATM-PN-0008,0.41,12.41,False,NORMAL
TXN100895,25856.97,18.517784,73.853954,20.090419,74.292504,2026-09-01 08:16:40,ATM-PN-0022,180.82,5424.71,True,CRITICAL
TXN100193,11873.44,18.520567,73.871218,18.531132,73.865015,2026-09-01 09:39:33,ATM-PN-0045,1.34,40.34,False,NORMAL
TXN100196,19500.39,18.515942,73.848997,18.507089,73.846564,2026-09-01 09:48:44,ATM-PN-0048,1.02,30.52,False,NORMAL
TXN100827,4556.38,18.530012,73.843791,20.017911,70.921745,2026-09-01 09:54:41,ATM-PN-0004,348.47,10454.12,True,CRITICAL
TXN100025,13071.88,18.505066,73.83855,18.503189,73.839043,2026-09-01 10:46:27,ATM-PN-0017,0.22,6.45,False,NORMAL
TXN100770,13529.21,18.532083,73.856381,18.536844,73.852866,2026-09-01 11:08:54,ATM-PN-0049,0.65,19.39,False,NORMAL
TXN100858,38041.84,18.540399,73.879796,18.540394,73.879662,2026-09-01 11:23:04,ATM-PN-0044,0.01,0.42,False,NORMAL
TXN100009,31320.38,18.535085,73.858825,18.534357,73.858736,2026-09-01 12:12:13,ATM-PN-0032,0.08,2.44,False,NORMAL
TXN100610,6777.66,18.511596,73.840356,18.511229,73.840394,2026-09-01 13:50:06,ATM-PN-0005,0.04,1.23,False,NORMAL
TXN100668,23773.11,18.527958,73.861788,18.531206,73.855516,2026-09-01 14:04:26,ATM-PN-0035,0.75,22.6,False,NORMAL
TXN100700,6270.0,18.517121,73.826938,18.521994,73.823943,2026-09-01 14:30:46,ATM-PN-0009,0.63,18.81,False,NORMAL
TXN100847,27958.02,18.52753,73.851749,18.527741,73.861368,2026-09-01 16:04:12,ATM-PN-0009,1.01,30.43,False,NORMAL
TXN100299,28494.74,18.550721,73.859534,18.553098,73.873095,2026-09-01 16:53:42,ATM-PN-0032,1.45,43.61,False,NORMAL
TXN100291,35177.76,18.514075,73.846695,18.526233,73.848991,2026-09-01 17:29:46,ATM-PN-0037,1.37,41.2,False,NORMAL
TXN100871,40218.16,18.499825,73.86697,18.509609,73.871206,2026-09-01 17:30:23,ATM-PN-0004,1.18,35.28,False,NORMAL
TXN100537,35404.25,18.52551,73.856316,18.521288,73.867775,2026-09-01 17:58:56,ATM-PN-0034,1.3,38.89,False,NORMAL
TXN100122,12621.46,18.529121,73.857646,18.526332,73.866309,2026-09-01 18:29:25,ATM-PN-0044,0.96,28.94,False,NORMAL
TXN100820,27102.96,18.524863,73.841507,18.535138,73.847849,2026-09-01 18:46:05,ATM-PN-0025,1.32,39.71,False,NORMAL
TXN100723,28658.33,18.531198,73.882117,18.71827,71.646722,2026-09-01 18:48:03,ATM-PN-0032,236.46,7093.88,True,CRITICAL
TXN100118,44798.83,18.521778,73.857483,18.526135,73.855694,2026-09-01 19:05:48,ATM-PN-0006,0.52,15.6,False,NORMAL
TXN100439,42821.36,18.514759,73.877491,18.447308,76.993415,2026-09-01 19:17:09,ATM-PN-0028,328.69,9860.66,True,CRITICAL
TXN100772,2275.18,18.514525,73.838874,18.514779,73.840975,2026-09-01 19:32:29,ATM-PN-0017,0.22,6.7,False,NORMAL
TXN100885,9215.83,18.520857,73.861568,18.521964,73.864874,2026-09-01 20:59:35,ATM-PN-0017,0.37,11.09,False,NORMAL
TXN100153,32116.93,18.518986,73.85455,18.516985,73.852783,2026-09-01 22:03:03,ATM-PN-0026,0.29,8.71,False,NORMAL
TXN100979,40163.94,18.494473,73.854148,18.493473,73.852356,2026-09-01 22:33:19,ATM-PN-0045,0.22,6.58,False,NORMAL
TXN100672,3616.0,18.527349,73.869222,17.770723,76.858595,2026-09-01 23:45:36,ATM-PN-0015,326.87,9806.18,True,CRITICAL
TXN100017,45714.79,18.509082,73.86559,16.632305,74.204908,2026-09-02 01:37:57,ATM-PN-0025,211.77,6352.96,True,CRITICAL
TXN100593,19256.1,18.525466,73.855743,18.526937,73.844245,2026-09-02 03:04:12,ATM-PN-0032,1.22,36.7,False,NORMAL
TXN100889,42794.55,18.517675,73.857705,18.508877,73.852033,2026-09-02 03:36:26,ATM-PN-0019,1.15,34.4,False,NORMAL
TXN100041,48903.21,18.538063,73.857588,18.529156,73.854893,2026-09-02 03:37:18,ATM-PN-0023,1.03,30.91,False,NORMAL
TXN100351,49736.67,18.537213,73.869337,18.544105,73.871627,2026-09-02 04:54:28,ATM-PN-0043,0.8,24.1,False,NORMAL
TXN100654,28648.96,18.524254,73.872333,18.528701,73.873292,2026-09-02 06:08:46,ATM-PN-0018,0.5,15.14,False,NORMAL
TXN100444,19524.14,18.497513,73.867722,18.498564,73.867991,2026-09-02 06:30:52,ATM-PN-0026,0.12,3.61,False,NORMAL
TXN100819,32775.84,18.513875,73.835805,19.138381,71.155103,2026-09-02 06:38:28,ATM-PN-0045,290.55,8716.5,True,CRITICAL
TXN100176,46150.19,18.495974,73.848257,18.494313,73.845948,2026-09-02 06:57:47,ATM-PN-0024,0.31,9.17,False,NORMAL
TXN100487,2070.99,18.508174,73.859749,18.506531,73.854748,2026-09-02 07:02:31,ATM-PN-0006,0.56,16.74,False,NORMAL
TXN100655,30379.98,18.524562,73.85741,18.528072,73.854205,2026-09-02 07:43:28,ATM-PN-0041,0.52,15.49,False,NORMAL
TXN100952,4477.24,18.518248,73.863015,18.527663,73.861388,2026-09-02 09:37:00,ATM-PN-0013,1.06,31.83,False,NORMAL
TXN100145,12344.46,18.516752,73.885382,18.516667,73.883828,2026-09-02 09:43:54,ATM-PN-0004,0.16,4.92,False,NORMAL
TXN100071,44161.38,18.498711,73.835457,18.495427,73.82796,2026-09-02 09:55:08,ATM-PN-0042,0.87,26.12,False,NORMAL
TXN100832,19035.76,18.515782,73.858606,18.515244,73.860185,2026-09-02 10:30:05,ATM-PN-0019,0.18,5.31,False,NORMAL
TXN100710,23562.13,18.492965,73.87222,18.488921,73.882197,2026-09-02 11:19:04,ATM-PN-0034,1.14,34.33,False,NORMAL
TXN100510,30616.46,18.508585,73.87839,18.507706,73.872324,2026-09-02 12:24:56,ATM-PN-0037,0.65,19.41,False,NORMAL
TXN100337,26964.44,18.522051,73.86078,18.523747,73.870979,2026-09-02 12:53:10,ATM-PN-0031,1.09,32.75,False,NORMAL
TXN100540,8021.87,18.514779,73.876195,18.514149,73.867144,2026-09-02 14:01:18,ATM-PN-0013,0.96,28.71,False,NORMAL
TXN100476,1914.28,18.518743,73.86359,18.51968,73.862001,2026-09-02 17:21:24,ATM-PN-0043,0.2,5.92,False,NORMAL
TXN100695,14847.88,18.520149,73.861258,18.512534,73.87148,2026-09-02 17:49:11,ATM-PN-0034,1.37,41.12,False,NORMAL
